id,nome,acepcao,exemplo,exemploLibras,categoria,representacao,configuracaoMao
1,Belo Horizonte,Cidade Mineira e capital do estado.,Belo Horizonte é uma cidade Grande.,BELO HORIZONTE CIDADE GRANDE É.,[Cidade;Município;Cidade do Sudeste;Município do Sudeste;Cidade do Sudeste;Cidade Mineira;Município Mineiro;Capital],[https://youtu.be/VL3_c2WY0fY],[[61;11]]
2,Rio de Janeiro,Cidade Fluminense e capital do estado.,No Rio de Janeiro tem o Cristo Redentor.,RIO DE JANEIRO CRISTO REDENTOR TER.,[Cidade;Município;Cidade do Sudeste;Município do Sudeste;Cidade do Sudeste;Cidade Fluminense;Município Fluminense;Capital],[https://youtu.be/GRypCMnSCCM;https://youtu.be/sLLnUVsItk0],[[7];[40]]
3,Paraisópolis,Cidade Mineira localizada ao sul do estado.,Paraisópolis é uma cidade boa.,PARAISÓPOLIS CIDADE BOA É ,[Cidade;Município;Cidade do Sudeste;Município do Sudeste;Cidade do Sudeste;Cidade Mineira;Município Mineiro],[https://youtu.be/GOctbQeyeHM],[[11;62]]
4,Cristina,Cidade Mineira localizada ao sul do estado.,Cristina é uma boa cidade para morar.,CRISTINA CIDADE BOA MORAR.,[Cidade;Município;Cidade do Sudeste;Município do Sudeste;Cidade do Sudeste;Cidade Mineira;Município Mineiro],[https://youtu.be/m2tddOSoLxw],[[51a]]
5,Delfim Moreira,Cidade Mineira localizada ao sul do estado.,Em Delfim Moreira tem belas cachoeiras.,DELFIN MOREIRA BELAS CACHOEIRAS TER,[Cidade;Município;Cidade do Sudeste;Município do Sudeste;Cidade do Sudeste;Cidade Mineira;Município Mineiro],[https://youtu.be/-0VSoveENoA],[[12;54]]
6,Marmelópolis,Cidade Mineira localizada ao sul do estado.,Marmelópolis tem montes imponentes.,MARMELÓPOLIS IMPONENTES MONTES TER.,[Cidade;Município;Cidade do Sudeste;Município do Sudeste;Cidade do Sudeste;Cidade Mineira;Município Mineiro],[https://youtu.be/Qea3D53kIHk],[[60;62]]
7,Pouso Alegre,Cidade Mineira localizada ao sul do estado.,Pouso Alegre é uma cidade do sul de Minas Gerais.,POUSO ALEGRE CIDADE SUL MINAS GERAIS SER.,[Cidade;Município;Cidade do Sudeste;Município do Sudeste;Cidade do Sudeste;Cidade Mineira;Município Mineiro],[https://youtu.be/oF_XJBOO9_w],[[53a]]
8,Conceição dos Ouros,Cidade Mineira localizada ao sul do estado.,Em Conceição dos Ouros tem os melhores biscoitos.,CONCEIÇÃO DOS OUROS BISCOITOS MELHORES TER.,[Cidade;Município;Cidade do Sudeste;Município do Sudeste;Cidade do Sudeste;Cidade Mineira;Município Mineiro],[https://youtu.be/xeZCVWzpp9A],[[51a;35a]]
9,Baependi,Cidade Mineira localizada ao sul do estado.,Baependi significa rio do monstro marinho.,BAEPENDI RIO MONSTRO MARINHO SIGNIFICAR,[Cidade;Município;Cidade do Sudeste;Município do Sudeste;Cidade do Sudeste;Cidade Mineira;Município Mineiro],[https://youtu.be/j8npVMToVK4],[[62]]
10,Caxambu,Cidade Mineira localizada ao sul do estado.,Minha amiga nasceu em Caxambu,CAXAMBU AMIGA MINHA NASCER,[Cidade;Município;Cidade do Sudeste;Município do Sudeste;Cidade do Sudeste;Cidade Mineira;Município Mineiro],[https://youtu.be/0uB1dFtutik;https://youtu.be/yul4KSu3Lis],[[53b];[51a;15;61]]
11,Itanhandu,Cidade Mineira localizada ao sul do estado.,Itanhandu significa ema de pedra.,ITANHANDU EMA PEDRA SIGNIFICAR.,[Cidade;Município;Cidade do Sudeste;Município do Sudeste;Cidade do Sudeste;Cidade Mineira;Município Mineiro],[https://youtu.be/h97NRqtayEM],[[38;12]]
12,São Sebastião do Rio Verde,Cidade Mineira localizada ao sul do estado.,São Sebastião do Rio Verde se localiza no vale do rio verde.,SÃO SEBASTIÃO DO RIO VERDE VALE RIO VERDE LOCALIZAR.,[Cidade;Município;Cidade do Sudeste;Município do Sudeste;Cidade do Sudeste;Cidade Mineira;Município Mineiro],[https://youtu.be/vrtflnT_1UI],[[2]]
13,Brumadinho,Cidade Mineira localizada na região metropolitana de Belo Horizonte.,Em 2019 aconteceu a tragédia em Brumadinho,2019 BRUMADINHO TRAGÉDIA ACONTECER. ,[Cidade;Município;Cidade do Sudeste;Município do Sudeste;Cidade do Sudeste;Cidade Mineira;Município Mineiro],[https://youtu.be/hM5_XclVx_8],[[61]]
14,Esmeraldas,Cidade Mineira localizada na região metropolitana de Belo Horizonte.,Meu irmão mora em Esmeraldas,ESMERALDAS IRMÃO MEU MORAR,[Cidade;Município;Cidade do Sudeste;Município do Sudeste;Cidade do Sudeste;Cidade Mineira;Município Mineiro],[https://youtu.be/RfFUQ08spXw],[[6;8a]]
15,Igarapé,Cidade Mineira localizada na região metropolitana de Belo Horizonte.,Igarapé significa caminho de canoas.,IGARAPÉ CANOAS CAMINHO NOME SIGNIFICAR .,[Cidade;Município;Cidade do Sudeste;Município do Sudeste;Cidade do Sudeste;Cidade Mineira;Município Mineiro],[https://youtu.be/eGw0M99mOaU;https://youtu.be/sB2baN481XY],[[38];[38;9;1;25;1;11;6]]
16,Mateus Leme,Cidade Mineira localizada na região metropolitana de Belo Horizonte.,Maria nasceu em Mateus Leme,MATEUS LEME M-A-R-I-A NASCER.,[Cidade;Município;Cidade do Sudeste;Município do Sudeste;Cidade do Sudeste;Cidade Mineira;Município Mineiro],[https://youtu.be/qUPjiyxYd2M],[[60;8a]]
17,Raposos,Cidade Mineira localizada na região metropolitana de Belo Horizonte.,Em Raposo tem a a paróquia mais antiga de  Minas Gerais,RAPOSOS PARÓQUIA MAIS ANTIGA TER.,[Cidade;Município;Cidade do Sudeste;Município do Sudeste;Cidade do Sudeste;Cidade Mineira;Município Mineiro],[https://youtu.be/izwubW0Cq30],[[25]]
18,Uberaba,Cidade Mineira localizada na região metropolitana de Belo Horizonte.,Uberaba começa com a letra U,UBERABA NOME LETRA U COMEÇAR.,[Cidade;Município;Cidade do Sudeste;Município do Sudeste;Cidade do Sudeste;Cidade Mineira;Município Mineiro],[https://youtu.be/N6_TCQ9kgDY],[[24]]
19,Araxá,Cidade Mineira localizada na região do Alto Paranaíba.,Araxá é uma estância hidromineral.,ARAXÁ ESTÂNCIA HIDROMINERAL SER,[Cidade;Município;Cidade do Sudeste;Município do Sudeste;Cidade do Sudeste;Cidade Mineira;Município Mineiro],[https://youtu.be/4c1lBtnQaIA],[[63]]
20,Contagem,Cidade Mineira localizada na região metropolitana de Belo Horizonte.,Contagem é perto de Belo Horizonte,CONTAGEM CIDADE PERTO BELO HORIZONTE SER,[Cidade;Município;Cidade do Sudeste;Município do Sudeste;Cidade do Sudeste;Cidade Mineira;Município Mineiro],[https://youtu.be/cRSXW0Ck45I],[[51b]]
21,Juatuba,Cidade Mineira localizada na região metropolitana de Belo Horizonte.,Juatuba significa sítio dos Juás.,JUATUBA PRAÇA TRÊS PODERES TER,[Cidade;Município;Cidade do Sudeste;Município do Sudeste;Cidade do Sudeste;Cidade Mineira;Município Mineiro],[https://youtu.be/NLO0EubilWA],[[38;47]]
22,Lagoa Santa,Cidade Mineira localizada na região metropolitana de Belo Horizonte.,Lagoa Santa fica no Estado de Minas Gerais,LAGOA SANTA ESTADO DE MINAS GERAIS ESTAR,[Cidade;Município;Cidade do Sudeste;Município do Sudeste;Cidade do Sudeste;Cidade Mineira;Município Mineiro],[https://youtu.be/ZXLcskFyOlU],[[12;40]]
23,Poços de Caldas,Cidade Mineira localizada ao sul do estado.,Em Poços de Caldas tem diversão.,POÇOS DE CALDAS DIVERSÃO TER,[Cidade;Município;Cidade do Sudeste;Município do Sudeste;Cidade do Sudeste;Cidade Mineira;Município Mineiro],[https://youtu.be/qeTryQ0FFwc],[[63]]
24,Ribeirão das Neves,Cidade Mineira localizada na região metropolitana de Belo Horizonte.,Onde fica Ribeirão das Neves?,ONDE RIBEIRÃO DAS NEVES LOCALIZAR?,[Cidade;Município;Cidade do Sudeste;Município do Sudeste;Cidade do Sudeste;Cidade Mineira;Município Mineiro],[https://youtu.be/BlLcz6HqyOI],[[27]]
25,São João Del Rei,Cidade Mineira localizada na região Campo das Vertentes.,São João Del Rei é uma cidade histórica,SÃO JOÃO DEL REI CIDADE HISTÓRICA SER,[Cidade;Município;Cidade do Sudeste;Município do Sudeste;Cidade do Sudeste;Cidade Mineira;Município Mineiro],[https://youtu.be/Otw3_T62Upw],[[37a;44]]
26,Uberlândia,Cidade Mineira localizada na região do Triângulo Mineiro.,Você nasceu em Uberlândia?,UBERLÂNDIA VOCÊ NASCER?,[Cidade;Município;Cidade do Sudeste;Município do Sudeste;Cidade do Sudeste;Cidade Mineira;Município Mineiro],[https://youtu.be/XMdpqsjrd3g],[[27]]
27,Congonhas,Cidade Mineira localizada na região metropolitana de Belo Horizonte.,Congonhas tem pontos turísticos.,CONGONHAS PONTOS TURÍSTICOS TER?,[Cidade;Município;Cidade do Sudeste;Município do Sudeste;Cidade do Sudeste;Cidade Mineira;Município Mineiro],[https://youtu.be/h8QzvAxenFs],[[51a]]
28,Ponte Nova,Cidade Mineira localizada na região da Zona da Mata Mineira.,Ponte Nova está localizada na zona da mata de Minas Gerais.,PONTE NOVA ZONA DA MATA DE MINAS GERAIS LOCALIZAR,[Cidade;Município;Cidade do Sudeste;Município do Sudeste;Cidade do Sudeste;Cidade Mineira;Município Mineiro],[https://youtu.be/GtOBMtTw5Gw],[[24]]
29,Vitória,Cidade Capixaba localizada na Ilha de Vitória e capital do estado do Espírito Santo.,Qual a região de Vitória?,REGIÃO VITÓRIA QUAL?,[Cidade;Município;Cidade do Sudeste;Município do Sudeste;Cidade do Sudeste;Cidade Capixaba;Município Capixaba;Capital],[https://youtu.be/slX7VHriruc],[[32]]
30,Itajubá,Cidade Mineira localizada ao sul do estado.,Você conhece Itajubá?,"ITAJUBÁ, VOCÊ CONHECER?",[Cidade;Município;Cidade do Sudeste;Município do Sudeste;Cidade do Sudeste;Cidade Mineira;Município Mineiro],[https://youtu.be/xgZ3TaXD87w],[[38;64]]
31,Maria da Fé,Cidade Mineira localizada ao sul do estado.,Em Maria da Fé tem festa boa.,MARIA DA FÉ FESTA BOA TER,[Cidade;Município;Cidade do Sudeste;Município do Sudeste;Cidade do Sudeste;Cidade Mineira;Município Mineiro],[https://youtu.be/8Jj4ZnC8Vek],[[60;54]]
32,Piranguinho,Cidade Mineira localizada ao sul do estado.,Piranguinho é a capital nacional do pé de moleque.,PIRANGUINHO CAPITAL PÉ DE MOLEQUE SER,[Cidade;Município;Cidade do Sudeste;Município do Sudeste;Cidade do Sudeste;Cidade Mineira;Município Mineiro],[https://youtu.be/DTIioZCdEYU],[[63;11]]
33,Dom Viçoso,Cidade Mineira localizada ao sul do estado.,Aline nasceu em Dom Viçoso.,DOM VIÇOSO A-L-I-N-E NASCER,[Cidade;Município;Cidade do Sudeste;Município do Sudeste;Cidade do Sudeste;Cidade Mineira;Município Mineiro],[https://youtu.be/TYym2CxEvg8],[[12;32]]
34,Santa Rita do Sapucaí,Cidade Mineira localizada ao sul do estado.,Santa Rita do Sapucaí está localizada no Sul de Minas Gerais,SANTA RITA DO SAPUCAÍ SUL DE MINAS LOCALIZADA ESTÁ,[Cidade;Município;Cidade do Sudeste;Município do Sudeste;Cidade do Sudeste;Cidade Mineira;Município Mineiro],[https://youtu.be/sf_MjHcKqUw],[[11]]
35,Itabira,Cidade Mineira localizada na região do Quadrilátero Ferrífero.,Em Itabira tem campus da Unifei,ITABIRA CAMPUS UNIFEI TER,[Cidade;Município;Cidade do Sudeste;Município do Sudeste;Cidade do Sudeste;Cidade Mineira;Município Mineiro],[https://youtu.be/X0pe7A_UgQU],[[38]]
36,São Lourenço,Cidade Mineira localizada ao sul do estado.,Em São Lourenço tem hotel bom,SÃO LOURENÇO HOTEL BOM TER,[Cidade;Município;Cidade do Sudeste;Município do Sudeste;Cidade do Sudeste;Cidade Mineira;Município Mineiro],[https://youtu.be/mljpCkjG5cU;https://youtu.be/4hKVnRihrYQ],[[58];[2;8a]]
37,Carmo de Minas,Cidade Mineira localizada ao sul do estado.,Carmo de Minas tem mais de 13 mil habitantes,CARMO DE MINAS MAIS DE 13 MIL HABITANTES TER,[Cidade;Município;Cidade do Sudeste;Município do Sudeste;Cidade do Sudeste;Cidade Mineira;Município Mineiro],[https://youtu.be/Ag5faIoAsrc],[[51a]]
38,Itamonte,Cidade Mineira localizada ao sul do estado.,Em Itamonte tem ecoturismo.,ITAMONTE ECOTURISMO TER,[Cidade;Município;Cidade do Sudeste;Município do Sudeste;Cidade do Sudeste;Cidade Mineira;Município Mineiro],[https://youtu.be/MTSJKsRUs-g],[[38;61]]
39,Lambari,Cidade Mineira localizada ao sul do estado.,Em Lambari tem rios,LAMBARI RIOS TER.,[Cidade;Município;Cidade do Sudeste;Município do Sudeste;Cidade do Sudeste;Cidade Mineira;Município Mineiro],[https://youtu.be/5VdALv3Bw6A],[[8a;63]]
40,Pouso Alto,Cidade Mineira localizada ao sul do estado.,Pouso Alto é uma cidade pequena,POUSO ALTO CIDADE PEQUENA SER,[Cidade;Município;Cidade do Sudeste;Município do Sudeste;Cidade do Sudeste;Cidade Mineira;Município Mineiro],[https://youtu.be/HuORfmFQDpY],[[11;1]]
41,Passos,Cidade Mineira localizada à sudoeste do estado na Mesorregião do Sul.,Ana estuda e trabalha em Passos,PASSOS A-N-A ESTUDAR E TRABALHAR,[Cidade;Município;Cidade do Sudeste;Município do Sudeste;Cidade do Sudeste;Cidade Mineira;Município Mineiro],[https://youtu.be/3zGsNyop0WA],[[1;62]]
42,Divinópolis,Cidade Mineira localizada na região Centro-Oeste do estado.,Você conhece Divinópolis?,DIVINÓPOLIS VOCÊ CONHECER?,[Cidade;Município;Cidade do Sudeste;Município do Sudeste;Cidade do Sudeste;Cidade Mineira;Município Mineiro],[https://youtu.be/Ry3dZMq1CWU],[[12]]
43,Ibirité,Cidade Mineira localizada na região metropolitana de Belo Horizonte.,João comprou uma casa em Ibirité ,IBIRITÉ CASA J-O-Ã-O COMPRAR,[Cidade;Município;Cidade do Sudeste;Município do Sudeste;Cidade do Sudeste;Cidade Mineira;Município Mineiro],[https://youtu.be/9cC25T5B7CU],[[38]]
44,Martinho Campos,Cidade Mineira localizada na região Centro-Oeste do estado.,Martinho Campos tem mais de 13 mil habitantes,MARTINHO CAMPOS MAIS DE 13 MIL HABITANTES TER,[Cidade;Município;Cidade do Sudeste;Município do Sudeste;Cidade do Sudeste;Cidade Mineira;Município Mineiro],[https://youtu.be/afuwvigNVLg],[[60;51a]]
45,Pedro Leopoldo,Cidade Mineira localizada na região metropolitana de Belo Horizonte.,Pedro Leopoldo tem muitos pontos turísticos,PEDRO LEOPOLDO MUITOS PONTOS TURÍSTICOS TER,[Cidade;Município;Cidade do Sudeste;Município do Sudeste;Cidade do Sudeste;Cidade Mineira;Município Mineiro],[https://youtu.be/-vKmYahqfjo],[[11;8a]]
46,Três Corações,Cidade Mineira localizada à sudoeste do estado.,Pelé nasceu em Três Corações.,TRÊS CORAÇÕES PELÉ NASCER,[Cidade;Município;Cidade do Sudeste;Município do Sudeste;Cidade do Sudeste;Cidade Mineira;Município Mineiro],[https://youtu.be/H7AhPzG8rfs],[[60]]
47,Conceição do Mato Dentro,Cidade Mineira localizada na região central do estado.,Conceição do Mato Dentro é uma cidade historica de Minas Gerais,CONCEIÇÃO DO~MATO DENTRO CIDADE HISTÓRICA DE MINAS GERAIS SER.,[Cidade;Município;Cidade do Sudeste;Município do Sudeste;Cidade do Sudeste;Cidade Mineira;Município Mineiro],[https://youtu.be/bwGGRFLzr8s],[[53a]]
48,Governador Valadares,Cidade Mineira localizada na região do Vale do Rio Doce.,Em Governador Valadares tem a ilha dos Araújos,GOVERNADOR VALADARES ILHA DOS ARAÚJOS TER.,[Cidade;Município;Cidade do Sudeste;Município do Sudeste;Cidade do Sudeste;Cidade Mineira;Município Mineiro],[https://youtu.be/vDACxdUBWOc],[[9;32]]
49,Lavras,Cidade Mineira localizada na região do Campo Das Vertentes.,Em Lavras tem Universidade Federal.,LAVRAS UNIVERSIDADE FEDERAL TER.,[Cidade;Município;Cidade do Sudeste;Município do Sudeste;Cidade do Sudeste;Cidade Mineira;Município Mineiro],[https://youtu.be/3e7gwAw2Glw;https://youtu.be/SctcM9A3M-A],[[8a];[8a;1;32;25;1;2]]
50,Ouro Preto,"Cidade Mineira localizada na região metropolitana de Belo Horizonte, região central do estado.",Ouro Preto tem mais de 70 mil habitantes,OURO PRETO MAIS DE 70 MIL HABITANTES TER,[Cidade;Município;Cidade do Sudeste;Município do Sudeste;Cidade do Sudeste;Cidade Mineira;Município Mineiro],[https://youtu.be/4OxN90vKxYM;https://youtu.be/9bxo77YUOLk],[[35a;4];[46b;2]]
51,Patos de Minas,Cidade Mineira localizada na região do Triângulo Mineiro e do Alto Paranaíba.,Em Patos de Minas tem milhos gostosos.,PATOS DE MINAS MILHOS GOSTOSOS TER,[Cidade;Município;Cidade do Sudeste;Município do Sudeste;Cidade do Sudeste;Cidade Mineira;Município Mineiro],[https://youtu.be/AF9gMfeTBSg],[[27]]
52,Sabará,Cidade Mineira localizada na região metropolitana de Belo Horizonte.,"Sabará significa ""grandes olhos brilhantes"".",CIDADE SABARÁ NOME SIGNIFICADO GRANDES OLHOS BRILHANTES,[Cidade;Município;Cidade do Sudeste;Município do Sudeste;Cidade do Sudeste;Cidade Mineira;Município Mineiro],[https://youtu.be/ZhuyB8kf1NM],[[15]]
53,Tiradentes,Cidade Mineira localizada na região do Campo das Vertentes.,Tiradentes já pertenceu à São João Del Rei.,PASSADO CIDADE TIRADENTES CIDADE SÃO JOÃO DEL REI PERTENCER,[Cidade;Município;Cidade do Sudeste;Município do Sudeste;Cidade do Sudeste;Cidade Mineira;Município Mineiro],[https://youtu.be/9vhz85c8KzQ],[[1]]
54,Ouro Branco,"Cidade Mineira localizada na região metropolitana de Belo Horizonte, região central do estado.",Ouro Branco ocupou o primeiro lugar no ranking de melhores cidades mineiras em 2010.,ANO 2010 PRIMEIRO LUGAR RANKING MELHORES CIDADES MINEIRAS CIDADE OURO BRANCO OCUPAR,[Cidade;Município;Cidade do Sudeste;Município do Sudeste;Cidade do Sudeste;Cidade Mineira;Município Mineiro],[https://youtu.be/h_X6hYbczpI],[[8a]]
55,São Paulo,Cidade Paulista e capital do estado.,São Paulo é a cidade mais populosa da América Latina.,AMÉRICA LATINA CIDADE SÃO PAULO MAIS POPULOSA É,[Cidade;Município;Cidade do Sudeste;Município do Sudeste;Cidade do Sudeste;Cidade Paulista;Município Paulista],[https://youtu.be/y_LztCz2DmA],[[11]]
56,Brazópolis,Cidade Mineira localizada ao sul do estado.,Brazópolis está situada na região sul do estado de Minas Gerais,REGIÃO SUL ESTADO MINAS GERAIS CIDADE BRAZÓPOLIS LOCALIZAR,[Cidade;Município;Cidade do Sudeste;Município do Sudeste;Cidade do Sudeste;Cidade Mineira;Município Mineiro],[https://youtu.be/LarPz7GY2kA;https://youtu.be/dQ9AfmezLpc],[[61;63];[42]]
57,Virgínia,Cidade Mineira localizada ao sul do estado.,Virgínia é um município do estado de Minas Gerais.,MINAS GERAIS CIDADE VIRGÍNIA É,[Cidade;Município;Cidade do Sudeste;Município do Sudeste;Cidade do Sudeste;Cidade Mineira;Município Mineiro],[https://youtu.be/cO4oXZYVnM8],[[32]]
58,Piranguçu,Cidade Mineira localizada ao sul do estado.,Piranguçu pertenceu à Itajubá até 1963.,ANO 1963 CIDADE PIRANGUÇU CIDADE ITAJUBÁ PERTENCER,[Cidade;Município;Cidade do Sudeste;Município do Sudeste;Cidade do Sudeste;Cidade Mineira;Município Mineiro],[https://youtu.be/Wx7Jnfd6OmE],[[37a]]
59,Wenceslau Braz,Cidade Mineira localizada ao sul do estado.,Wenceslau Braz tem seu nome em homenagem ao ex-presidente Venceslau Brás.,CIDADE WENCESLAU BRAZ NOME HOMENAGEM EX PRESIDENTE TER,[Cidade;Município;Cidade do Sudeste;Município do Sudeste;Cidade do Sudeste;Cidade Mineira;Município Mineiro],[https://youtu.be/sCd15xdrkNQ],[[59a;61;2]]
60,Gonçalves,Cidade Mineira localizada ao sul do estado.,Gonçalves faz parte do circuito turístico Serras Verdes do Sul de Minas.,CIRCUITO SERRAS VERDES SUL DE MINAS CIDADE GONÇALVES PARTICIPAR,[Cidade;Município;Cidade do Sudeste;Município do Sudeste;Cidade do Sudeste;Cidade Mineira;Município Mineiro],[https://youtu.be/pQPx0VEWtv4],[[9;47]]
61,Pedralva,Cidade Mineira localizada ao sul do estado.,Pedralva é um município do estado de Minas Gerais.,ESTADO MINAS GERAIS CIDADE PEDRALVA É,[Cidade;Município;Cidade do Sudeste;Município do Sudeste;Cidade do Sudeste;Cidade Mineira;Município Mineiro],[https://youtu.be/MstGrid4OX0],[[11;2]]
62,Cambuquira,Cidade Mineira localizada ao sul do estado.,Cambuquira faz parte do Circuito das Águas de Minas Gerais.,CIRCUITO DAS ÁGUAS MINAS GERAIS CIDADE CAMBUQUIRA PARTICIPAR,[Cidade;Município;Cidade do Sudeste;Município do Sudeste;Cidade do Sudeste;Cidade Mineira;Município Mineiro],[https://youtu.be/9d3C5tsf_o4],[[51a]]
63,Conceição do Rio Verde,Cidade Mineira localizada ao sul do estado.,Conceição do Rio Verde é um município mineiro que faz parte do Circuito das Águas.,CIRCUITO DAS ÁGUAS  CIDADE CONCEIÇÃO DO RIO VERDE PARTICIPAR,[Cidade;Município;Cidade do Sudeste;Município do Sudeste;Cidade do Sudeste;Cidade Mineira;Município Mineiro],[https://youtu.be/j3Azdy-aP20],[[51a;32;25;32];[51a;42;25;32]]
64,Jesuânia,Cidade Mineira localizada ao sul do estado.,Jesuânia é um município do estado de Minas Gerais.,ESTADO MINAS GERAIS CIDADE JESUÂNIA É,[Cidade;Município;Cidade do Sudeste;Município do Sudeste;Cidade do Sudeste;Cidade Mineira;Município Mineiro],[https://youtu.be/xB-Vqi7VZKc],[[38;12]]
65,Passa Quatro,Cidade Mineira localizada ao sul do estado.,Passa Quatro é uma estância hidromineral e região turística.,ESTÂNCIA HIDROMINERAL TAMBÉM REGIÃO TURÍSTICA CIDADE PASSA QUATRO É,[Cidade;Município;Cidade do Sudeste;Município do Sudeste;Cidade do Sudeste;Cidade Mineira;Município Mineiro],[https://youtu.be/LxlqYpVpCjI],[[11;60]]
66,Soledade de Minas,Cidade Mineira localizada ao sul do estado.,Soledade de Minas faz parte do Circuito das Águas de Minas Gerais.,CIRCUITO DAS ÁGUAS MINAS GERAIS CIDADE SOLEDADE DE MINAS PARTICIPAR,[Cidade;Município;Cidade do Sudeste;Município do Sudeste;Cidade do Sudeste;Cidade Mineira;Município Mineiro],[https://youtu.be/6213SMy5dg8],[[2]]
67,Curvelo,Cidade Mineira localizada na região central do estado.,Curvelo tem seu nome em homenagem ao padre Antônio Corvelo de Ávila.,CIDADE CURVELO NOME HOMENAGEM PADRE TER,[Cidade;Município;Cidade do Sudeste;Município do Sudeste;Cidade do Sudeste;Cidade Mineira;Município Mineiro],[https://youtu.be/kpjJsq7jvBc],[[51a]]
68,Florestal,"Cidade Mineira localizada na região metropolitana de Belo Horizonte, região central do estado.",Florestal é um município do estado de Minas Gerais.,MINAS GERAIS CIDADE FLORESTAL É,[Cidade;Município;Cidade do Sudeste;Município do Sudeste;Cidade do Sudeste;Cidade Mineira;Município Mineiro],[https://youtu.be/jnCjbvuKbBE],[[54]]
69,Ipatinga,"Cidade Mineira localizada na região do Vale do Aço, à leste do estado.",Ipatinga é o município mais populoso do Vale do Aço.,VALE DO AÇO MAIS POPULOSO CIDADE IPATINGA SER,[Cidade;Município;Cidade do Sudeste;Município do Sudeste;Cidade do Sudeste;Cidade Mineira;Município Mineiro],[https://youtu.be/4C1v7DVeUhY],[[64]]
70,Pará de Minas,Cidade Mineira localizada na região metropolitana de Belo Horizonte.,Pará de Minas é um município do estado de Minas Gerais.,ESTADO MINAS GERAIS CIDADE PARÁ DE MINAS É,[Cidade;Município;Cidade do Sudeste;Município do Sudeste;Cidade do Sudeste;Cidade Mineira;Município Mineiro],[https://youtu.be/fedeh0WmOaA],[[61]]
71,Teófilo Otoni,Cidade Mineira localizada na região do Vale do Mucuri.,Teófilo Otoni tem seu nome em homenagem ao político do período imperial Teófilo Otoni.,CIDADE TEÓFILO OTONI NOME HOMENAGEM POLÍTICO TER,[Cidade;Município;Cidade do Sudeste;Município do Sudeste;Cidade do Sudeste;Cidade Mineira;Município Mineiro],[https://youtu.be/gYvSLipOrTQ],[[21]]
72,Varginha,Cidade Mineira localizada ao sul do estado.,Varginha enviou reforços para compor as tropas brasileiras que lutaram na Itália na Segunda Guerra Mundial.,SEGUNDA GUERRA MUNDIAL REFORÇOS TROPAS BRASILEIRAS CIDADE VARGINHA ENVIAR,[Cidade;Município;Cidade do Sudeste;Município do Sudeste;Cidade do Sudeste;Cidade Mineira;Município Mineiro],[https://youtu.be/0-5nlbOCIWw],[[21;32]]
73,Betim,Cidade Mineira localizada na região metropolitana de Belo Horizonte.,Betim é a quinta cidade mais populosa de Minas Gerais.,ESTADO MINAS GERAIS QUINTA MAIS POPULOSA CIDADE BETIM É,[Cidade;Município;Cidade do Sudeste;Município do Sudeste;Cidade do Sudeste;Cidade Mineira;Município Mineiro],[https://youtu.be/yXP_7-adXxg],[[61]]
74,Diamantina,"Cidade Mineira localizada na região do Vale do Jequitinhonha, região central do estado.",Diamantina é o município mais populoso do Vale do Jequitinhonha.,VALE DO JEQUITINHONHA MAIS POPULOSO CIDADE DIAMANTINA É,[Cidade;Município;Cidade do Sudeste;Município do Sudeste;Cidade do Sudeste;Cidade Mineira;Município Mineiro],[https://www.youtube.com/watch?v=FkNLV7XR5pE],[[21]]
75,Juiz De Fora,Cidade Mineira localizada na região da Zona da Mata Mineira.,Juiz De Fora é a quarta cidade mais populosa de Minas Gerais.,ESTADO MINAS GERAIS QUARTA MAIS POPULOSA CIDADE JUIZ DE FORA É,[Cidade;Município;Cidade do Sudeste;Município do Sudeste;Cidade do Sudeste;Cidade Mineira;Município Mineiro],[https://youtu.be/-3L9H37SbW0],[[61]]
76,Nova Lima,Cidade Mineira localizada na região metropolitana de Belo Horizonte.,Nova Lima é historicamente reconhecida pela extração de minérios de ferro e ouro.,EXTRAÇÃO MINÉRIO FERRO TAMBÉM OUTRO CIDADE NOVA LIMA RECONHECIDA É,[Cidade;Município;Cidade do Sudeste;Município do Sudeste;Cidade do Sudeste;Cidade Mineira;Município Mineiro],[https://youtu.be/Gd5d3q2zjyE],[[18a]]
77,Pompeu,Cidade Mineira localizada na região central do estado.,Pompeu é um município do estado de Minas Gerais.,ESTADO MINAS GERAIS CIDADE POMPEU É,[Cidade;Município;Cidade do Sudeste;Município do Sudeste;Cidade do Sudeste;Cidade Mineira;Município Mineiro],[https://youtu.be/BoYr0Y7PuTg],[[12]]
78,Rio Acima,Cidade Mineira localizada na região metropolitana de Belo Horizonte.,Rio Acima é reconhecida por suas diversas cachoeiras e nascentes.,DIVERSAS CACHOEIRAS E NASCENTES CIDADE  RIO ACIMA RECONHECIDA É,[Cidade;Município;Cidade do Sudeste;Município do Sudeste;Cidade do Sudeste;Cidade Mineira;Município Mineiro],[https://youtu.be/sGWbgZnfzlE],[[25]]
79,Sarzedo,Cidade Mineira localizada na região metropolitana de Belo Horizonte.,Sarzedo é um município do estado de Minas Gerais.,ESTADO MINAS GERAIS CIDADE  SARZEDO É,[Cidade;Município;Cidade do Sudeste;Município do Sudeste;Cidade do Sudeste;Cidade Mineira;Município Mineiro],[https://youtu.be/SHa1kB6nGqo;https://youtu.be/MuCqHxrcSUc],[[46a];[64]]
80,Vespasiano,Cidade Mineira localizada na região metropolitana de Belo Horizonte.,Vespasiano está situada na Região Metropolitana de Belo Horizonte,REGIÃO METROPOLITANA DE BELO HORIZONTE CIDADE  VESPAZIANO PARTE FAZER,[Cidade;Município;Cidade do Sudeste;Município do Sudeste;Cidade do Sudeste;Cidade Mineira;Município Mineiro],[https://youtu.be/8TSVTylW8PQ],[[32;11]]
81,Montes Claros,Cidade Mineira localizada ao norte do estado.,Montes Claros é a maior cidade do Norte de Minas Gerais,REGIÃO NOTE ESTADO DE MINAS GERAIS CIDADE MONTES CLAROS MAIOR É,[Cidade;Município;Cidade do Sudeste;Município do Sudeste;Cidade Mineira;Município Mineiro],[https://youtu.be/KYuyZxeOjMQ],[[44]]
82,Ubá,Cidade Mineira localizada na região da Zona da Mata Mineira.,Ubá é o principal polo moveleiro de Minas Gerais.,ESTADO MINAS GERAIS CIDADE  UBÁ POLO MOVELEIRO É,[Cidade;Município;Cidade do Sudeste;Município do Sudeste;Cidade Mineira;Município Mineiro],[https://youtu.be/bDBybIR1q20],[[24]]
83,Alto Caparaó,Cidade Mineira localizada à leste do estado.,Alto Caparaó oferece paisagens deslumbrantes na Serra do Caparaó,SERRA DO CAPARAÓ PAISAGENS DESLUMBRANTES CIDADE  ALTO CAPARAÓ OFERECER,[Cidade;Município;Cidade do Sudeste;Município do Sudeste;Cidade Mineira;Município Mineiro],[https://youtu.be/4SphmVUJfiE],[[12]]
84,Barroso,Cidade Mineira localizada na região do Campo das Vertentes.,Barroso é um tesouro de arquitetura colonial bem preservada,TESOURO ARQUITETURA COLONIAL PRESERVADA CIDADE  BARROSO É,[Cidade;Município;Cidade do Sudeste;Município do Sudeste;Cidade Mineira;Município Mineiro],[https://youtu.be/rJ--2AZnqhc],[[61]]
85,Bom Sucesso,Cidade Mineira localizada na região Oeste de Minas.,Bom Sucesso prospera com sua produção de café de alta qualidade,PRODUÇÃO DE CAFÉ ALTA QUALIDADE CIDADE  BOM SUCESSO PROSPERAR,[Cidade;Município;Cidade do Sudeste;Município do Sudeste;Cidade Mineira;Município Mineiro],[https://youtu.be/zZAv2tfmt3k],[[51b;42]]
86,Carmópolis De Minas,Cidade Mineira localizada na região Oeste de Minas.,Carmópolis de Minas é o coração da agricultura mineira,CORAÇÃO AGRICULTURA MINEIRA CIDADE  CARMÓPOLIS DE MINAS É,[Cidade;Município;Cidade do Sudeste;Município do Sudeste;Cidade Mineira;Município Mineiro],[https://youtu.be/GK88nzv_mvE],[[15;53a]]
87,Frutal,Cidade Mineira localizada na região do Triângulo Mineiro.,Frutal brilha com seus pomares de frutas cítricas,POMARES DE FRUTAS CÍTRICAS CIDADE  FRUTAL BRILHAR,[Cidade;Município;Cidade do Sudeste;Município do Sudeste;Cidade Mineira;Município Mineiro],[https://youtu.be/2cKj5aCWykY],[[56]]
88,Ijaci,Cidade Mineira localizada na região do Campo das Vertentes.,Ijaci é o refúgio perfeito para os amantes da natureza,REFÚGIO PERFEITO AMANTES DA NATUREZA CIDADE IJACI É,[Cidade;Município;Cidade do Sudeste;Município do Sudeste;Cidade Mineira;Município Mineiro],[https://youtu.be/ZyMoAh7P1Bc],[[38]]
89,Janaúba,Cidade Mineira localizada na região Norte de Minas.,Janaúba é conhecida como a 'Capital Nacional da Manga',CAPITAL NACIONAL DA MANGA CIDADE JANAÚBA CONHECIDA É,[Cidade;Município;Cidade do Sudeste;Município do Sudeste;Cidade Mineira;Município Mineiro],[https://youtu.be/zzPT1HKTW3Y],[[38;61]]
90,Lima Duarte,Cidade Mineira localizada na região da Zona da Mata Mineira.,Lima Duarte é o ponto de partida para explorar o Parque Estadual do Ibitipoca,PARQUE ESTADUAL DO IBITIPOCA CIDADE LIMA DUARTE PONTO DE PARTIDA EXPLORAR É,[Cidade;Município;Cidade do Sudeste;Município do Sudeste;Cidade Mineira;Município Mineiro],[https://youtu.be/tetha3XajYY],[[8a;12]]
91,Martins Soares,Cidade Mineira localizada na região da Zona da Mata Mineira.,Martins Soares cultiva uma tradição de excelência na produção de café.,PRODUÇÃO DE CAFÉ CIDADE MARTINS SOARES TRADIÇÃO DE EXCELENCIA TER,[Cidade;Município;Cidade do Sudeste;Município do Sudeste;Cidade Mineira;Município Mineiro],[https://youtu.be/AgF_5nylUjk],[[60;2]]
92,Nepomuceno,Cidade Mineira localizada na região do Campo das Vertentes.,Nepomuceno é conhecida por seu café delicioso.,CAFÉ DELICIOSO CIDADE NEPOMUCENO CONHECIDA É,[Cidade;Município;Cidade do Sudeste;Município do Sudeste;Cidade Mineira;Município Mineiro],[https://youtu.be/X8OrZn-Zo8U],[[24]]
93,Perdões,Cidade Mineira localizada na região Oeste de Minas.,"Perdões é o celeiro de Minas, produzindo grãos e leite de alta qualidade.",GRÃOS E LEITE DE ALTA QUALIDADE CIDADE CELEIROS PRODUZIR,[Cidade;Município;Cidade do Sudeste;Município do Sudeste;Cidade Mineira;Município Mineiro],[https://youtu.be/vGi0rEgogxU],[[40]]
94,Rio Casca,Cidade Mineira localizada na região da Zona da Mata Mineira.,Rio Casca é um paraíso para os amantes da natureza,AMANTES DA NATUREZA CIDADE RIO CASCA PARAÍSO É,[Cidade;Município;Cidade do Sudeste;Município do Sudeste;Cidade Mineira;Município Mineiro],[https://youtu.be/JS6arFERgek],[[64;2]]
95,São João Nepomuceno,Cidade Mineira localizada na região da Zona da Mata Mineira.,São João Nepomuceno é uma cidade que celebra a alegria e a tradição em seu animado Carnaval,CARNAVAL ALEGRE E TRADICIONAL CIDADE SÃO JOÃO NEPOMUCENO CELEBRAR,[Cidade;Município;Cidade do Sudeste;Município do Sudeste;Cidade Mineira;Município Mineiro],[https://youtu.be/2YWPIW0ZAy4],[[2;64]]
96,Sete Lagoas,Cidade Mineira localizada na região metropolitana de Belo Horizonte.,Sete Lagoas é cercada por seus belos sete lagos naturais,BELOS SETE LAGOS NATURAIS CIDADE SE LAGOAS CERCADA É,[Cidade;Município;Cidade do Sudeste;Município do Sudeste;Cidade Mineira;Município Mineiro],[https://youtu.be/ENHVZz0NKgU],[[10]]
97,Vale Verde,Cidade Mineira. ,Vale Verde é um refúgio tranquilo em meio à natureza,REFÚGIO TRANQUILO NATUREZA CIDADE VALE VERDE É,[Cidade;Município;Cidade do Sudeste;Município do Sudeste;Cidade Mineira;Município Mineiro],[https://youtu.be/HEpv0O2VP_Y],[[32;2]]
98,Campinas,Cidade Paulista localizada à Noroeste de São Paulo no interior do estado. ,Campinas é um centro tecnológico e industrial em constante crescimento,CENTRO TECNOLÓGICO TAMBÉM INDUSTRIAL CIDADE CAMPINAS CRESCER,[Cidade;Município;Cidade do Sudeste;Município do Sudeste;Cidade Paulista;Município Paulista],[https://youtu.be/I7Wmj4j542I],[[15]]
99,São Caetano Do Sul,"Cidade Paulista localizada na região do ABC Paulista, próxima à cidade de São Paulo.",São Caetano do Sul é um exemplo de desenvolvimento econômico no ABC Paulista,REGIÃO ABC PAULISTA EXEMPLO DESENVOLVIMENTO ECONÔMICO CIDADE SÃO CAETANO DO SUL É,[Cidade;Município;Cidade do Sudeste;Município do Sudeste;Cidade Paulista;Município Paulista],[https://youtu.be/oSwUGDlhOs4;https://youtu.be/6FMyHXru_EQ],[[2;51a];[2;51a;2]]
100,Osasco,"Cidade Paulista localizada à Oeste de São Paulo, no interior do estado.",Osasco é uma cidade agitada e industrial na Grande São Paulo.,REGIÃO GRANDE SÃO PAULO AGITADA TAMBÉM INDUSTRIAL  CIDADE OSASCO É,[Cidade;Município;Cidade do Sudeste;Município do Sudeste;Cidade Paulista;Município Paulista],[https://youtu.be/yNbGOQCN424],[[42]]
101,São José Do Rio Preto,Cidade Paulista localizada na região Noroeste do estado de São Paulo,São José do Rio Preto prospera com sua produção agrícola diversificada,PRODUÇÃO AGRÍCOLA DIVERSIFICADA CIDADE SÃO JOSÉ RIO PRETO PROSPERAR,[Cidade;Município;Cidade do Sudeste;Município do Sudeste;Cidade Paulista;Município Paulista],[https://youtu.be/-hsW9SCCz-c],[[1]]
102,Diadema,Cidade Paulista localizada na região do ABC Paulista,Diadema é um polo industrial vital na Região Metropolitana de São Paulo,REGIÃO METROPOLITANA DE SÃO PAULO POLO INDUSTRIAL CIDADE DIADEMA É,[Cidade;Município;Cidade do Sudeste;Município do Sudeste;Cidade Paulista;Município Paulista],[https://youtu.be/XQ__C3YMtKU],[[13]]
103,Carapicuiba,Cidade Paulista localizada na região Metropolitana de São Paulo,Carapicuíba foi fundada por um padre.,FUNDADA PADRE CIDADE CARAPICUIBA FOI,[Cidade;Município;Cidade do Sudeste;Município do Sudeste;Cidade Paulista;Município Paulista],[https://youtu.be/LyFHfBguAPE;https://youtu.be/uP272rU6ZmE],[[63];[51a]]
104,São Vicente,"Cidade Paulista localizada no litoral do estado, próxima à cidade de Santos.","São Vicente, a primeira vila do Brasil, é um tesouro histórico à beira-mar na Baixada Santista",BAIXADA SANTISTA PRIMEIRA VILA DO BRASIL CIDADE SÃO VICENTE FOI,[Cidade;Município;Cidade do Sudeste;Município do Sudeste;Cidade Paulista;Município Paulista],[https://youtu.be/dT0uTIoDGXo],[[36]]
105,Guarujá,"Cidade Paulista localizada no litoral do estado, próxima à cidade de Santos.",Guarujá é conhecida por suas praias deslumbrantes,PRAIAS DESLUMBRANTES CIDADE GUARUJÁ CONHECIDA É,[Cidade;Município;Cidade do Sudeste;Município do Sudeste;Cidade Paulista;Município Paulista],[https://youtu.be/ZBalaf2qooY],[[9;62]]
106,Suzano,Cidade Paulista localizada na região Metropolitana de São Paulo,Suzano é localizada na região metropolitana de São Paulo,REGIÃO METROPOLITANA DE SÃO PAULO CIDADE SUZANO LOCALIZADA ESTÁ,[Cidade;Município;Cidade do Sudeste;Município do Sudeste;Cidade Paulista;Município Paulista],[https://youtu.be/M0xSRBe57zM],[[2;24]]
107,Barueri,Cidade Paulista localizada na região Metropolitana de São Paulo,Barueri é um município dinâmico e moderno da Grande São Paulo,GRANDE SÃO PAULO MUNICÍPIO DINÂMICO TAMBÉM MODERNO CIDADE BARUERI É,[Cidade;Município;Cidade do Sudeste;Município do Sudeste;Cidade Paulista;Município Paulista],[https://youtu.be/fGAzOWbcGBo;https://youtu.be/ltb5bnE9isw;https://youtu.be/kW_-9DPsB2c;https://youtu.be/X8GQPDN1n6o],[[61];[61];[61];[47]]
108,Marilia,Cidade Paulista localizada na região do Centro-Oeste do estado,Marília é uma cidade acolhedora do interior de São Paulo,INTERIOR DE SÃO PAULO CIDADE MARÍLIA ACOLHEDORA É,[Cidade;Município;Cidade do Sudeste;Município do Sudeste;Cidade Paulista;Município Paulista],[https://youtu.be/QVeFyJwMeSI],[[35b]]
109,Presidente Prudente,Cidade Paulista localizada na região Oeste do estado,Presidente Prudente abriga a UNESP,UNESP CIDADE PRESIDENTE PRUDENTE ABRIGAR,[Cidade;Município;Cidade do Sudeste;Município do Sudeste;Cidade Paulista;Município Paulista],[https://youtu.be/Q1sPvdKRolU],[[13]]
110,Rio Claro,Cidade Paulista localizada na região Central do estado,Rio Claro é uma cidade com belos parques e uma rica história industrial,BELOS PARQUES TAMBÉM RICA HISTÓRIA INDUSTRIAL CIDADE RIO CLARO É,[Cidade;Município;Cidade do Sudeste;Município do Sudeste;Cidade Paulista;Município Paulista],[https://youtu.be/gOfEDUn0dJU],[[61]]
111,Santa Bárbara D´Oeste,Cidade Paulista localizada na região Central do estado,Santa Bárbara d'Oeste é uma cidade que mistura história e modernidade,HISTÓRIA TAMBÉM MODERNIDADE CIDADE SANTA BÁRBARA D´OESTE MISTURAR,[Cidade;Município;Cidade do Sudeste;Município do Sudeste;Cidade Paulista;Município Paulista],[https://youtu.be/dXQeTOVd80E],[[53b]]
112,Bragança Paulista,Cidade Paulista localizada na região do Interior Norte do estado,Bragança Paulista é situada nas montanhas da Serra da Mantiqueira,MONTANHAS SERRA MANTIQUEIRA CIDADE BRAGANÇA PAULISTA LOCALIZADA ESTÁ,[Cidade;Município;Cidade do Sudeste;Município do Sudeste;Cidade Paulista;Município Paulista],[https://youtu.be/E-JchVGla5M],[[5]]
113,Mogi Guacú,Cidade Paulista localizada na região do Interior Norte do estado,Mogi Guaçu é conhecida por sua economia diversificada,ECONOMIA DIVERSIFICADA CIDADE MOGI GUAÇU CONHECIDA É,[Cidade;Município;Cidade do Sudeste;Município do Sudeste;Cidade Paulista;Município Paulista],[https://youtu.be/m6CASCCMbtE],[[63]]
114,Atibaia,Cidade Paulista localizada na região do Interior Norte do estado,Atibaia é uma cidade cercada por montanhas,MONTANHAS CIDADE ATIBAIA CERCADA É,[Cidade;Município;Cidade do Sudeste;Município do Sudeste;Cidade Paulista;Município Paulista],[https://youtu.be/IqSeq7Q5OLA],[[12]]
115,Cubatão,"Cidade Paulista localizada no litoral do estado, próxima à cidade de Santos.",Cubatão é famosa pelo Polo Petroquímico e por seu porto,POLO PETROQUÍMICO TAMBÉM PORTE TER CIDADE CUBATÃO FAMOSA É,[Cidade;Município;Cidade do Sudeste;Município do Sudeste;Cidade Paulista;Município Paulista],[https://youtu.be/wr49I-N2yeQ],[[51b]]
116,Jandira,Cidade Paulista localizada na região Metropolitana de São Paulo,Jandira é uma cidade em crescimento na Região Metropolitana de São Paulo,REGIÃO METROPOLITANA DE SÃO PAULO CIDADE JANDIRA CRESCER,[Cidade;Município;Cidade do Sudeste;Município do Sudeste;Cidade Paulista;Município Paulista],[https://youtu.be/H3qj4RSQ0C4],[[38]]
117,Votorantim,Cidade Paulista localizada na região Metropolitana de Sorocaba,Votorantim é uma cidade industrial que prospera nas margens do Rio Sorocaba,MARGENS RIO SOROCABA CIDADE VOTORANTIM PROPERAR,[Cidade;Município;Cidade do Sudeste;Município do Sudeste;Cidade Paulista;Município Paulista],[https://youtu.be/ZjP5EXYUHN0],[[32]]
118,Tatuí,Cidade Paulista localizada na região Centro-Oeste do estado,"Tatuí é conhecida como a ""Cidade das Artes""",CIDADE DAS ARTES CIDADE TATUÍ CONHECIDA É,[Cidade;Município;Cidade do Sudeste;Município do Sudeste;Cidade Paulista;Município Paulista],[https://youtu.be/LImoRmy8ZT8],[[51a;38]]
119,Salto,Cidade Paulista localizada na região Metropolitana de Sorocaba,Salto é famosa por suas quedas d'água e possui um rico patrimônio histórico,QUEDAS D´ÁGUAS TAMBÉM RICO PATRIMÔNIO HISTÓRICO CIDADE SALTO POSSUIR,[Cidade;Município;Cidade do Sudeste;Município do Sudeste;Cidade Paulista;Município Paulista],[https://youtu.be/wIL5bjKWc5E],[[64;2]]
120,Paulínea,Cidade Paulista localizada na região Metropolitana de Campinas,Paulínia é um importante polo petroquímico na Região Metropolitana de Campinas,REGIÃO METROPOLITANA CAMPINAS POLO PETROQUÍMICO CIDADE PAULÍNIA É,[Cidade;Município;Cidade do Sudeste;Município do Sudeste;Cidade Paulista;Município Paulista],[https://youtu.be/r0YQ0MQMtK0],[[11]]
121,Caieiras,Cidade Paulista localizada na região Metropolitana de São Paulo,Caieiras abriga parte da Serra da Cantareira,SERRA CANTAREIRA CIDADE CAIEIRA PARTE ABRIGAR,[Cidade;Município;Cidade do Sudeste;Município do Sudeste;Cidade Paulista;Município Paulista],[https://youtu.be/n-qC6rv6fMk],[[51a;47]]
122,Mogi Mirim,Cidade Paulista localizada na região do Interior Norte do estado,Mogi Mirim é uma cidade com forte presença agrícola e cultural,FORTE PRESENÇA AGRÍCOLA TAMBÉM CULTURAL CIDADE MOGI MIRIM É,[Cidade;Município;Cidade do Sudeste;Município do Sudeste;Cidade Paulista;Município Paulista],[https://youtu.be/UQ0woqU1hdo],[[60]]
123,Ubatuba,Cidade Paulista localizada no litoral Norte do estado,Ubatuba é um paraíso costeiro com praias deslumbrantes e uma atmosfera relaxante,PARAÍSO COSTEIRO COM PRAIAS DESLUMBRANTES TAMBÉM ATMOSFERA RELAXANTE CIDADE UBATUBA É,[Cidade;Município;Cidade do Sudeste;Município do Sudeste;Cidade Paulista;Município Paulista],[https://youtu.be/VWewaXvz-QQ],[[24;62]]
124,São Sebastião,Cidade Paulista localizada no litoral Norte do estado,São Sebastião é um ponto de partida para Ilhabela,ILHABELA PONTO DE PARTIDA SÃO SEBASTIÃO É,[Cidade;Município;Cidade do Sudeste;Município do Sudeste;Cidade Paulista;Município Paulista],[https://youtu.be/ilLNB12eiLI],[[2;31]]
125,Vinhedo,Cidade Paulista localizada no litoral Norte do estado,Vinhedo é conhecida por suas vinícolas e eventos culturais animados,VINÍCULAS TAMBÉM EVENTOS CULTAIS ANIMADOS CIDADE VINHEDO CONHECIDA É,[Cidade;Município;Cidade do Sudeste;Município do Sudeste;Cidade Paulista;Município Paulista],[https://youtu.be/t9mmKRquI9I],[[32]]
126,Jaboticabal,Cidade Paulista localizada na região Nordeste do estado,Jaboticabal é uma cidade acolhedora e próspera no interior de São Paulo,INTERIOR DE SÃO PAULO CIDADE JABOTICABAL ACOLHEDORA É,[Cidade;Município;Cidade do Sudeste;Município do Sudeste;Cidade Paulista;Município Paulista],[https://youtu.be/me1DOuhxEIM],[[2;49;8a]]
127,Cosmópolis,Cidade Paulista localizada na região Metropolitana de Campinas,Cosmópolis recebeu imigrantes italianos no final do século XIX,IMIGRANTES ITALIANOS FIM SÉCULO XIX CIDADE COSMÓPOLIS RECEBER,[Cidade;Município;Cidade do Sudeste;Município do Sudeste;Cidade Paulista;Município Paulista],[https://youtu.be/VXdmtq_Wack],[[51b;12]]
128,Fernandópolis,Cidade Paulista localizada na região Noroeste do estado,Fernandópolis é uma cidade que se destaca na produção de café e na cultura caipira,PRODUÇÃO CAFÉ TAMBÉM CULTURA CAIPIRA CIDADE FERNANDÓPOLIS DESTACAR,[Cidade;Município;Cidade do Sudeste;Município do Sudeste;Cidade Paulista;Município Paulista],[https://youtu.be/aLRpSGmb-pc],[[8a;47]]
129,Bertioga,"Cidade Paulista localizada no litoral do estado, próxima à cidade de Santos","Bertioga é um refúgio à beira-mar, perfeito para quem busca tranquilidade e praias paradisíacas",REFÚGIO BEIRA MAR TAMBÉM TRANQUILO TAMBÉM PRAIAS PARADISÍACAS CIDADE BERTIOGA TER,[Cidade;Município;Cidade do Sudeste;Município do Sudeste;Cidade Paulista;Município Paulista],[https://youtu.be/vVseCvuwIR0],[[61]]
130,Ibitinga,Cidade Paulista localizada na região Centro-Oeste do estado,Ibitinga é conhecida por sua indústria de bordados e enxovais,INDUSTRIA DE BORDADOS TAMBÉM ENXOVAIS CIDADE IBITINGA CONHECIDA É,[Cidade;Município;Cidade do Sudeste;Município do Sudeste;Cidade Paulista;Município Paulista],[https://youtu.be/AX5X6TnqeR0],[[44;38]]
131,Jaguariuna,Cidade Paulista localizada na região Metropolitana de Campinas,Jaguariúna é famosa por seus festivais culturais,FESTIVAIS CULTURAIS CIDADE JAGUARIÚNA CONHECIDA É,[Cidade;Município;Cidade do Sudeste;Município do Sudeste;Cidade Paulista;Município Paulista],[https://youtu.be/RR6ETMEftbk],[[2;40]]
132,Monguaguá,"Cidade Paulista localizada no litoral do estado, próxima à cidade de Santos",Mongaguá é um destino litorâneo que oferece praias deslumbrantes,DESTINO LITORÂNEO COM PRAIAS DESLUMBRANTES CIDADE MONGAGUÁ OFERECER,[Cidade;Município;Cidade do Sudeste;Município do Sudeste;Cidade Paulista;Município Paulista],[https://youtu.be/3h10HDCT1Sc],[[60]]
133,Capivari,Cidade Paulista localizada na região Metropolitana de Campinas,Capivari é famosa pela Festa do Peão de Boiadeiro,FESTA PEÃO BOIADEIRO CIDADE CAPIVARI FAMOSA É,[Cidade;Município;Cidade do Sudeste;Município do Sudeste;Cidade Paulista;Município Paulista],[https://youtu.be/ER7XCRVSiX4],[[32;12]]
134,Olímpia,Cidade Paulista localizada na região do Interior Norte do estado,Olímpia é uma cidade termal que atrai visitantes em busca de relaxamento e diversão em parques aquáticos,CIDADE TERMAL COM PARQUES AQUÁTICOS CIDADE OLÍMPIA VISITANTES ATRAIS,[Cidade;Município;Cidade do Sudeste;Município do Sudeste;Cidade Paulista;Município Paulista],[https://youtu.be/u3vJ_Mw27vY],[[48]]
135,Vargem Grande Paulista,Cidade Paulista localizada na região Metropolitana de São Paulo.,Vargem Grande Paulista é uma cidade que equilibra a natureza com o desenvolvimento urbano,NATUREZA COM DESENVOLVIMENTO URBANO CIDADE VARGEM GRANDE PAULISTA EQUILIBRAR,[Cidade;Município;Cidade do Sudeste;Município do Sudeste;Cidade Paulista;Município Paulista],[https://youtu.be/eSvhklDjBDg],[[32;9;2]]
136,Pontal,Cidade Paulista localizada na região Nordeste do estado,A cultura do café foi fundamental no desenvolvimento de Pontal,CULTURA DO CAFÉ FOI FUNDAMENTAL CIDADE PONTAL DESENVOLVER,[Cidade;Município;Cidade do Sudeste;Município do Sudeste;Cidade Paulista;Município Paulista],[https://youtu.be/gPcKPmKiHKs],[[49]]
137,Mairinque,Cidade Paulista localizada na região Metropolitana de Sorocaba,Mairinque é uma cidade histórica com belas paisagens naturais e patrimônio cultural,BELAS PAISAGENS NATURAIS TAMBÉM PATRIMÔNIO CULTURAL CIDADE HISTÓRICA NOME MAIRINQUE TER,[Cidade;Município;Cidade do Sudeste;Município do Sudeste;Cidade Paulista;Município Paulista],[https://youtu.be/iNndeuFTlVs],[[60;12]]
138,Itápolis,Cidade Paulista localizada na região Centro-Oeste do estado,"Itápolis é um importante polo agroindustrial, destacando-se na produção de laranjas",IMPORTANTE POLO AGROINDUSTRIAL PRODUÇÃO DE LARANJAS CIDADE ITÁPOLIS DESTACAR,[Cidade;Município;Cidade do Sudeste;Município do Sudeste;Cidade Paulista;Município Paulista],[https://youtu.be/ALhiELpziPQ],[[38]]
139,Pitangueira,Cidade Paulista localizada na região Nordeste do estado,O município de Pitangueiras é constituído do distrito de Ibitiúva,DISTRITO DE IBITIÚVA CIDADE PINTANGUEIRAS CONSTITUIR,[Cidade;Município;Cidade do Sudeste;Município do Sudeste;Cidade Paulista;Município Paulista],[https://youtu.be/bFjqKkYK_gM],[[11;12]]
140,Aguaí,Cidade Paulista localizada na região Central do estado,"Aguaí é uma cidade pacífica no interior de São Paulo, cercada por belas paisagens rurais",INTERIOR DE SÃO PAULO CIDADE AGUAÍ PACÍFICA BELAS PAISAGENS RURAIS EM VOLTA TER,[Cidade;Município;Cidade do Sudeste;Município do Sudeste;Cidade Paulista;Município Paulista],[https://youtu.be/OBFZkHp_FYU],[[8a;38]]
141,Ilhabela,Cidade Paulista localizada no litoral Norte do estado,"Ilhabela é um paraíso tropical, com praias de tirar o fôlego e uma atmosfera descontraída",PARAÍSO TROPICAL TAMBÉM PRAIAS LINDAS TAMBÉM ATMOSFERA DESCONTRAÍDA CIDADE ILHABELA É,[Cidade;Município;Cidade do Sudeste;Município do Sudeste;Cidade Paulista;Município Paulista],[https://youtu.be/U4ox9AG2JiU],[[40]]
142,Iguape,"Cidade Paulista localizada no litoral do estado, próxima à cidade de Santos",Iguape é conhecida por seu patrimônio arquitetônico colonial,PATRIMÔNIO ARQUITETÔNICO COLONIAL CIDADE IGUAPE CONHECIDA É,[Cidade;Município;Cidade do Sudeste;Município do Sudeste;Cidade Paulista;Município Paulista],[https://youtu.be/0YMOEvQUya0],[[39]]
143,Laranjal Paulista,Cidade Paulista localizada na região Central do estado,Laranjal Paulista é uma cidade que celebra sua herança cítrica,HERANÇA CÍTRICA CIDADE LARANJAL PAULISTA CELEBRAR,[Cidade;Município;Cidade do Sudeste;Município do Sudeste;Cidade Paulista;Município Paulista],[https://youtu.be/_Rk8RnfP9A0],[[51a;11]]
144,Ilha Solteira,Cidade Paulista localizada na região Noroeste do estado,lha Solteira é conhecida por sua represa e é um local popular para esportes aquáticos e lazer à beira d'água,LOCAL POPULAR ESPORTES AQUÁTICO TAMBÉM LAZER BEIRA D´AGUA REPRESA CIDADE ILHA SOLTEIRA CONHECIDA É,[Cidade;Município;Cidade do Sudeste;Município do Sudeste;Cidade Paulista;Município Paulista],[https://youtu.be/drcAcpXyktQ],[[39.2]]
145,Cordeirópolis,Cidade Paulista localizada na região Metropolitana de Campinas,Cordeirópolis foi fundada em torno da estação de trem da Companhia Paulista,ESTAÇÃO DE TREM DA COMPANHIA PAULISTA CIDADE CORDEIRÓPOLIS FUNDADA FOI,[Cidade;Município;Cidade do Sudeste;Município do Sudeste;Cidade Paulista;Município Paulista],[https://youtu.be/z1NhQIr3WPs],[[51a;2]]
146,Casa Branca,Cidade Mineira localizada na região do Campo das Vertentes.,Casa Branca é uma cidade acolhedora com uma rica história e cultura caipira,ACOLHEDORA TAMBÉM RICA HISTÓRIA TAMBÉM CULTURA CAIPIRA CIDADE CASA BRANCA É,[Cidade;Município;Cidade do Sudeste;Município do Sudeste;Cidade Paulista;Município Paulista],[https://youtu.be/UOVOtnHqoI0],[[51a;61]]
147,Alfenas,Cidade Mineira localizada na região Sul do estado,Alfenas é uma cidade universitária e agrícola no sul de Minas Gerais,SUL DE MINAS GERAIS CIDADE UNIVERSITÁRIA TAMBÉM AGRÍCOLA CIDADE ALFENAS É,[Cidade;Município;Cidade do Sudeste;Município do Sudeste;Cidade do Sudeste;Cidade Mineira;Município Mineiro],[https://youtu.be/sK_-EaWD9ZU],[[12]]
148,Barbacena,Cidade Mineira localizada na região do Campo das Vertentes.,"Barbacena é conhecida como a ""Cidade das Rosas""",CIDADE DAS ROSAS CIDADE BARBACENA CONHECIDA É,[Cidade;Município;Cidade do Sudeste;Município do Sudeste;Cidade do Sudeste;Cidade Mineira;Município Mineiro],[https://youtu.be/fpndKek-sA0],[[61]]
149,Bicas,Cidade Mineira localizada na região da Zona da Mata,Bicas é uma cidade tranquila e acolhedora na Zona da Mata de Minas Gerais,ZONA DA MATA MINAS GERAIS CIDADE TRANQUILA TAMBÉM ACOLHEDORA CIDADE BICAS É,[Cidade;Município;Cidade do Sudeste;Município do Sudeste;Cidade do Sudeste;Cidade Mineira;Município Mineiro],[https://youtu.be/6m8oGTW3h4Q],[[45]]
150,Campo Belo,Cidade Mineira localizada na região Sul do estado,Campo Belo é uma cidade com forte presença agrícola e belas paisagens rurais,FORTE PRESENÇA AGRÍCOLA TAMBÉM BELAS PAISAGENS LOCAIS CIDADE CAMPO BELO TER,[Cidade;Município;Cidade do Sudeste;Município do Sudeste;Cidade do Sudeste;Cidade Mineira;Município Mineiro],[https://youtu.be/sur4Wj8Dm-E],[[62;5]]
151,Formiga,Cidade Mineira localizada na região Oeste do estado,Formiga é agraciada por belos casarões antigos,BELOS CASARÕES ANTIGOS CIDADE FORMIGA AGRACIADA É,[Cidade;Município;Cidade do Sudeste;Município do Sudeste;Cidade do Sudeste;Cidade Mineira;Município Mineiro],[https://youtu.be/eOCEUEK9M2o],[[33;2]]
152,Iapu,Cidade Mineira localizada na região do Vale do Rio Doce,Iapu é uma cidade que celebra sua cultura caipira e suas tradições locais,CULTURA CAIPIRA TAMBÉM TRADIÇÕES LOCAIS CIDADE IAPU CELEBRAR,[Cidade;Município;Cidade do Sudeste;Município do Sudeste;Cidade do Sudeste;Cidade Mineira;Município Mineiro],[https://youtu.be/zz9f4kzOajk],[[39;24]]
153,Jaguaraçu,Cidade Mineira localizada na região do Vale do Rio Doce,Jaguaraçu localiza-se no Vale do Rio Doce,VALE DO RIO DOCE CIDADE JAGUARAÇU LOCALIZAR,[Cidade;Município;Cidade do Sudeste;Município do Sudeste;Cidade do Sudeste;Cidade Mineira;Município Mineiro],[https://youtu.be/znLrCJPTfQA],[[53a]]
154,Lagoa Da Prata,Cidade Mineira localizada na região Centro-Oeste do estado,Lagoa da Prata foi fundada por colonos,FUNDADA POR COLONOS CIDADE LAGOA DA PRATA FOI,[Cidade;Município;Cidade do Sudeste;Município do Sudeste;Cidade do Sudeste;Cidade Mineira;Município Mineiro],[https://youtu.be/ToH0Mhzl_pI],[[8a;11;2]]
155,Manhumirim,Cidade Mineira localizada na região da Zona da Mata,Manhumirim é conhecida por seu clima ameno e paisagens montanhosas,CLIMA AMENO TAMBÉM PAISAGENS MONTANHOSAS CIDADE MANHUMIRIM CONHECIDA É,[Cidade;Município;Cidade do Sudeste;Município do Sudeste;Cidade do Sudeste;Cidade Mineira;Município Mineiro],[https://youtu.be/oH1nx5Z956k],[[2;60]]
156,Naque,Cidade Mineira localizada na região do Vale do Rio Doce,Naque é banhada pelo rio Santo Antônio,RIO SANTO ANTÔNIO CIDADE NAQUE BANHAR,[Cidade;Município;Cidade do Sudeste;Município do Sudeste;Cidade do Sudeste;Cidade Mineira;Município Mineiro],[https://youtu.be/bCLH5X859Kc],[[22a;24]]
157,Olhos D'Agua,Cidade Mineira localizada na região do Vale do Rio Doce,Olhos d’Água está localizado na região norte do estado de Minas Gerais,REGIÃO NORTE ESTADO MINAS GERAIS CIDADE OLHOS D´AGUA LOCALIZADA ESTÁ,[Cidade;Município;Cidade do Sudeste;Município do Sudeste;Cidade do Sudeste;Cidade Mineira;Município Mineiro],[https://youtu.be/QmBhtPnbJ48],[[12;8a]]
158,Ribeirão Vermelho,Cidade Mineira localizada na região Sul do estado,Ribeirão Vermelho é uma cidade que combina história e natureza,HISTÓRIA TAMBÉM NATUREZA CIDADE RIBEIRÃO VERMELHO COMBINAR,[Cidade;Município;Cidade do Sudeste;Município do Sudeste;Cidade do Sudeste;Cidade Mineira;Município Mineiro],[https://youtu.be/E92QWqxUd0c],[[15;25]]
159,Santos Dumont,Cidade Mineira localizada na região do Campo das Vertentes.,Santos Dumont é a cidade natal do famoso inventor Alberto Santos-Dumont,FAMOSO INVENTOR A-L-B-E-R-T-O S-A-N-T-O-S D-U-M-O-N-T CIDADE SANTOS DUMONT NASCER,[Cidade;Município;Cidade do Sudeste;Município do Sudeste;Cidade do Sudeste;Cidade Mineira;Município Mineiro],[https://youtu.be/DgE77NPU7v8],[[40]]
160,São Tiago,Cidade Mineira localizada na região do Campo das Vertentes.,São Tiago foi incluído pelo Governo de Minas no circuito da Estrada Real,CIRCUITO ESTRADA REAL CIDADE SÃO TIAGO PELO GOVERNO DE MINAS INCLUÍDA FOI,[Cidade;Município;Cidade do Sudeste;Município do Sudeste;Cidade do Sudeste;Cidade Mineira;Município Mineiro],[https://youtu.be/wpOwCPYkf0k],[[12]]
161,Timóteo,Cidade Mineira localizada na região do Vale do Aço,Timóteo é uma cidade industrial e moderna em Minas Gerais,MINAS GERAIS CIDADE INDUSTRIAL TAMBÉM MODERNA CIDADE TIMÓTEO É,[Cidade;Município;Cidade do Sudeste;Município do Sudeste;Cidade do Sudeste;Cidade Mineira;Município Mineiro],[https://youtu.be/tKyRrEBXtBE],[[56;2]]
162,Guarulhos,Cidade Paulista localizada na região Metropolitana de São Paulo,Guarulhos é um importante centro logístico e industrial na Região Metropolitana de São Paulo,REGIÃO METROPOLITANA SÃO PAULO IMPORTANTE CENTRO LOGÍSTICO CIDADE GUARULHO É,[Cidade;Município;Cidade do Sudeste;Município do Sudeste;Cidade Paulista;Município Paulista],[https://youtu.be/55jMvXv_p0I],[[9]]
163,Santo André,"Cidade Paulista localizada na região do ABC Paulista, próxima à cidade de São Paulo",Santo André faz parte do ABC Paulista,ABC PAULISTA CIDADE SANTO ANDRÉ PARTE FAZER,[Cidade;Município;Cidade do Sudeste;Município do Sudeste;Cidade Paulista;Município Paulista],[https://youtu.be/B13riJGOSec],[[46b]]
164,Ribeirão Preto,Cidade Paulista localizada na região Norte do estado,Ribeirão Preto é uma cidade reconhecida por sua produção de café e instituições de ensino,PRODUÇÃO CAFÉ TAMBÉM INSTITUIÇÕES DE ENSINO CIDADE RIBEIRÃO PRETO RECONHECIDA É,[Cidade;Município;Cidade do Sudeste;Município do Sudeste;Cidade Paulista;Município Paulista],[https://youtu.be/2FD5H8cKrUU],[[63]]
165,Sorocaba,Cidade Paulista localizada na região Metropolitana de Sorocaba,Sorocaba é uma cidade localizada no estado de São Paulo,ESTADO DE SÃO PAULO CIDADE SOROCABA LOCALIZADA ESTÁ,[Cidade;Município;Cidade do Sudeste;Município do Sudeste;Cidade Paulista;Município Paulista],[https://youtu.be/67ieQgx752o],[[15]]
166,Santos,Cidade Paulista localizada no litoral do estado.,Santos tem o maior porto da América Latina,AMÉRICA LATINA MAIOR PORTO CIDADE SANTOS TER,[Cidade;Município;Cidade do Sudeste;Município do Sudeste;Cidade Paulista;Município Paulista],[https://youtu.be/BjtQLten7s4;https://youtu.be/49gJSz8uisk;https://youtu.be/3QqSk6GM-E8],[[34];[2;62];[62]]
167,Piracicaba,Cidade Paulista localizada na região Central do estado.,Piracicaba é uma cidade que se destaca pela produção agrícola,PRODUÇÃO AGRÍCOLA CIDADE PIRACICABA DESTACAR,[Cidade;Município;Cidade do Sudeste;Município do Sudeste;Cidade Paulista;Município Paulista],[https://youtu.be/3YNYuVvTAmo],[[37a]]
168,Itaquaquecetuba,Cidade Paulista localizada na região Metropolitana de São Paulo,Itaquaquecetuba é uma cidade da Região Metropolitana de São Paulo,REGIÃO METROPOLITANA SÃO PAULO CIDADE ITAQUAQUECETUBA PARTE FAZER,[Cidade;Município;Cidade do Sudeste;Município do Sudeste;Cidade Paulista;Município Paulista],[https://youtu.be/0HX9MeBYVSM],[[38;18a]]
169,Praia Grande,Cidade Paulista localizada no litoral do estado,Praia Grande é uma cidade litorânea,CIDADE LITORÂNEA CIDADE PARAIA GRANDE É,[Cidade;Município;Cidade do Sudeste;Município do Sudeste;Cidade Paulista;Município Paulista],[https://youtu.be/vnG9paCO_gg;https://youtu.be/kHW-dU8eE0k],[[11;9];[11]]
170,Limeira,Cidade Paulista localizada na região Central do estado,Limeira é uma cidade industrial conhecida por sua produção de joias e metalurgia,PRODUÇÃO JOIAS TAMBÉM METALURGIA CIDADE LIMEIRA CONHECIDA É,[Cidade;Município;Cidade do Sudeste;Município do Sudeste;Cidade Paulista;Município Paulista],[https://youtu.be/oyfGnrR6Gd8],[[51a;8a]]
171,Sumaré,Cidade Paulista localizada na região Metropolitana de Campinas,Sumaré é uma cidade com um ambiente industrial próspero e qualidade de vida,AMBIENTE INDUSTRIAL PRÓSPERO TAMBÉM QUALIDADE DE VIDA CIDADE SUMARÉ TER,[Cidade;Município;Cidade do Sudeste;Município do Sudeste;Cidade Paulista;Município Paulista],[https://youtu.be/-DYiyXdyWQo],[[2;24]]
172,São Carlos,Cidade Paulista localizada na região Central do estado,"Com o processo de abolição da escravatura, a imigração para São Carlos cresceu",COM PROCESSO ABOLIÇÃO ESCRAVATURA IMAGRAÇÃO CIDADE SÃO CARLOS CRESCER,[Cidade;Município;Cidade do Sudeste;Município do Sudeste;Cidade Paulista;Município Paulista],[https://youtu.be/MV0X0IK59bM;https://youtu.be/fZefyueMuGA],[[2;51a;2];[2;51a]]
173,Americana,Cidade Paulista localizada na região Central do estado,Americana é uma cidade que combina desenvolvimento econômico com a atmosfera de cidade do interior,DESENVOLVIMENTO ECONÔMICO TAMBÉM ATMOSFERA CIDADE INTERIOR CIDADE AMERICA COMBINAR,[Cidade;Município;Cidade do Sudeste;Município do Sudeste;Cidade Paulista;Município Paulista],[https://youtu.be/5aCTOKQXGNA],[[12]]
174,Araraquara,Cidade Paulista localizada na região Central do estado,Araraquara está localizada na Região central do Estado de São Paulo,REGIÃO CENTRAL ESTADO SÃO PAULO CIDADE ARARAQUARA LOCALIZADA ESTÁ,[Cidade;Município;Cidade do Sudeste;Município do Sudeste;Cidade Paulista;Município Paulista],[https://youtu.be/Ajk67I2tuzA],[[5]]
175,Hortolandia,Cidade Paulista localizada na região Metropolitana de Campinas,Hortolândia foi fundada em 1991,ANO 1991 CIDADE HORTOLÂNDIA FUNDADA FOI,[Cidade;Município;Cidade do Sudeste;Município do Sudeste;Cidade Paulista;Município Paulista],[https://youtu.be/Tip72XP6fb8],[[11]]
176,Ferraz De Vasconcelos,Cidade Paulista localizada na região Metropolitana de São Paulo,Ferraz de Vasconcelos está situada a leste da capital paulista,CAPITAL PAULISTA CIDADE FERRAZ DE VASCONCELOS SITUAR,[Cidade;Município;Cidade do Sudeste;Município do Sudeste;Cidade Paulista;Município Paulista],[https://youtu.be/GywslEjTeS8;https://youtu.be/yt6O9IqTvXw],[[54;21];[54]]
177,Itu,Cidade Paulista localizada na região Metropolitana de Sorocaba,Itu foi fundada em 1610,ANO 1610 CIDADE ITU FUNDADA FOI,[Cidade;Município;Cidade do Sudeste;Município do Sudeste;Cidade Paulista;Município Paulista],[https://youtu.be/IjOboAOzE-s],[[40]]
178,Itapetininga,Cidade Paulista localizada na região Metropolitana de Campinas,Itapetininga é famosa pela Festa do Tropeiro,FESTA DO TROPEIRO CIDADE ITAPETINIGA FAMOSA É,[Cidade;Município;Cidade do Sudeste;Município do Sudeste;Cidade Paulista;Município Paulista],[https://youtu.be/H41hXfSnLpg],[[38]]
179,Botucatu,Cidade Paulista localizada na região do Centro-Oeste do estado,Botucatu é uma cidade universitária,UNIVERSIDADES CIDADE BOTUCATU TER,[Cidade;Município;Cidade do Sudeste;Município do Sudeste;Cidade Paulista;Município Paulista],[https://youtu.be/HMGPAP15CUc],[[53b]]
180,Araras,Cidade Paulista localizada na região Central do estado,Araras é uma cidade com uma forte tradição agrícola e comercial,FORTE TRADIÇÃO AGRÍCOLA TAMBÉM COMERCIAL CIDADE ARARAS É,[Cidade;Município;Cidade do Sudeste;Município do Sudeste;Cidade Paulista;Município Paulista],[https://youtu.be/kkdejOzyiLA],[[14]]
181,Sertãozinho,Cidade Paulista localizada na região Nordeste do estado,"Sertãozinho é conhecida como a ""Capital Nacional da Cana-de-Açúcar""",CAPITAL NACIONAL DA CANA DE AÇUCAR CIDADE SERTÃOZINHA CONHECIDA É,[Cidade;Município;Cidade do Sudeste;Município do Sudeste;Cidade Paulista;Município Paulista],[https://youtu.be/vg0QKw-ALJU],[[2]]
182,Ribeirão Pires,"Cidade Paulista localizada na região do ABC Paulista, próxima à cidade de São Paulo",Ribeirão Pires está situada na região do Grande ABC Paulista,GRANDE ABC PAULISTA CIDADE RIBEIRÃO PIRES SITUAR,[Cidade;Município;Cidade do Sudeste;Município do Sudeste;Cidade Paulista;Município Paulista],[https://youtu.be/K2_DGg0QueQ],[[25;11]]
183,Catanduva,Cidade Paulista localizada na região Norte do estado,Catanduva é uma cidade que prospera na agroindústria e na saúde,AGROINDUSTRIA TAMBÉM SAÚDE CIDADE CATANDUVA PROSPERAR,[Cidade;Município;Cidade do Sudeste;Município do Sudeste;Cidade Paulista;Município Paulista],[https://youtu.be/eSIRr48Wkf4],[[12;51a]]
184,Itatiba,Cidade Paulista localizada na região do Interior Norte do estado,"Itatiba é conhecida como ""Princesa da Colina""",PRINCESA DA COLINA CIDADE ITATIBA CONHECIDA É,[Cidade;Município;Cidade do Sudeste;Município do Sudeste;Cidade Paulista;Município Paulista],[https://youtu.be/8IhgpKtrp6c],[[17]]
185,Ourinhos,Cidade Paulista localizada na região do Centro-Oeste do estado,Ourinhos é conhecida por sua festa de rodeio e sua produção de queijo,FESTA DE RODEIO TAMBÉM PRODUÇÃO DE QUEIJO CIDADE OURINHOS CONHECIDA É,[Cidade;Município;Cidade do Sudeste;Município do Sudeste;Cidade Paulista;Município Paulista],[https://youtu.be/vzIhzZ03aiY],[[35a;42]]
186,Itanhaem,"Cidade Paulista localizada no litoral do estado, próxima à cidade de Santos.",Itanhaém é uma cidade litorânea com praias deslumbrantes e cultura caiçara,PRAIAS DESLUMBRANTES TAMBÉM CULTURA CAIÇARA CIDADE ITANHAÉM TER,[Cidade;Município;Cidade do Sudeste;Município do Sudeste;Cidade Paulista;Município Paulista],[https://youtu.be/nM7AEDiMYAY],[[38]]
187,Caçapava,Cidade Paulista localizada na região do Vale do Paraíba,Caçapava possui fazendas do período colonial.,FAZENDAS DO PERÍODO COLONIAL CIDADE CAÇAPAVA TER,[Cidade;Município;Cidade do Sudeste;Município do Sudeste;Cidade Paulista;Município Paulista],[https://youtu.be/Me6c0D8ljVc;https://youtu.be/VAveRRXy-_Q],[[51a;12];[51a]]
188,São Roque,Cidade Paulista localizada na região Metropolitana de São Paulo,São Roque é a 'Terra do Vinho' e é conhecida por suas vinícolas e festivais,TERRA DO VINHO TAMBÉM VINÍCULAS TAMBÉM FESTIVAIS CIDADE SÃO ROQUE CONHECIDA É,[Cidade;Município;Cidade do Sudeste;Município do Sudeste;Cidade Paulista;Município Paulista],[https://youtu.be/LLVjyn2fsV4],[[29a;42]]
189,Arujá,Cidade Paulista localizada na região Metropolitana de São Paulo,Arujá é uma cidade que equilibra urbanização e áreas verdes,EQUILÍBRIO URBANIZAÇÃO TAMBÉM ÁREAS VERDES CIDADE ARUJÁ TER,[Cidade;Município;Cidade do Sudeste;Município do Sudeste;Cidade Paulista;Município Paulista],[https://youtu.be/tXbJfuNkviE;https://youtu.be/bhIHfK1Y8iA],[[47];[47]]
190,Matão,Cidade Paulista localizada na região Central do estado,Matão é conhecida por sua agricultura diversificada,AGRICULTURA DIVERSIFICADA CIDADE MATÃO CONHECIDA É,[Cidade;Município;Cidade do Sudeste;Município do Sudeste;Cidade Paulista;Município Paulista],[https://youtu.be/xiyC1Ek8n8g],[[12;62]]
191,Bebedouro,Cidade Paulista localizada na região Norte do estado,Bebedouro é uma cidade agrícola que se destaca na produção de laranjas,PRODUÇÃO LARANJAS CIDADE BEBEDOURO DESTACAR,[Cidade;Município;Cidade do Sudeste;Município do Sudeste;Cidade Paulista;Município Paulista],[https://youtu.be/xxUR6f-dcX0],[[61]]
192,Pirassununga,Cidade Paulista localizada na região Central do estado,Pirassununga  tem uma forte presença militar,FORTE PRESENÇA MILITAR CIDADE PIRASSUNUNGA TER,[Cidade;Município;Cidade do Sudeste;Município do Sudeste;Cidade Paulista;Município Paulista],[https://youtu.be/E8fZDLPqBAM;https://youtu.be/SyNo6WGJavc],[[31;12;62];[31;14;62]]
193,Embu-Guaçu,Cidade Paulista localizada na região Metropolitana de São Paulo,Embu-Guaçu é marcada por sua paisagem de Mata Atlântica,PAISAGEM MATA ATLÂNTICA CIDADE EMBU-GUAÇU MARCADA É,[Cidade;Município;Cidade do Sudeste;Município do Sudeste;Cidade Paulista;Município Paulista],[https://youtu.be/ho3OOjv3VtQ],[[6;9;2]]
194,Peruíbe,"Cidade Paulista localizada no litoral do estado, próxima à cidade de Santos.",Peruíbe é um refúgio litorâneo para aqueles em busca de tranquilidade e natureza,REFÚGIO LITORÂNEO PESSOAS TRANQUILIDADE TAMBÉM NATUREZA CIDADE PERUÍBE É,[Cidade;Município;Cidade do Sudeste;Município do Sudeste;Cidade Paulista;Município Paulista],[https://youtu.be/fxZaqrhOSZc],[[11]]
195,Nova Odessa,Cidade Paulista localizada na região Metropolitana de Campinas,Nova Odessa é uma cidade industrial e inovadora no interior de São Paulo,INTERIOR DE SÃO PAULO CIDADE INDUSTRIAL TAMBÉM INOVADORA CIDADE NOVA ODESSA É,[Cidade;Município;Cidade do Sudeste;Município do Sudeste;Cidade Paulista;Município Paulista],[https://youtu.be/7YpWLTntlO4],[[27;2]]
196,Monte Mor,Cidade Paulista localizada na região Metropolitana de Campinas,Monte Mor está localizada em uma região de grande atividade agrícola,REGIÃO GRANDE ATIVIDADE AGRÍCOLA CIDADE MONTE MOR LOCALIZAR,[Cidade;Município;Cidade do Sudeste;Município do Sudeste;Cidade Paulista;Município Paulista],[https://youtu.be/0M22khca2VE;https://youtu.be/mKxgIZDR2r8],[[60];[60;25]]
197,Taquaritinga,Cidade Paulista localizada na região Norte do estado,Taquaritinga é uma cidade que valoriza sua cultura e história caipira,CULTURA TAMBÉM HISTÓRIA CAIPIRA CIDADE TAQUARITINGA VALORIZAR,[Cidade;Município;Cidade do Sudeste;Município do Sudeste;Cidade Paulista;Município Paulista],[https://youtu.be/FYvugtRuctk],[[56;1]]
198,Porto Ferreira,Cidade Paulista localizada na região Central do estado,Porto Ferreira é conhecida por sua produção de cerâmica e louças de alta qualidade,PRODUÇÃO DE CERÂMICA TAMBÉM LOUÇAS ALTA QUALIDADE CIDADE PORTO FERREIRA CONHECIDA É,[Cidade;Município;Cidade do Sudeste;Município do Sudeste;Cidade Paulista;Município Paulista],[https://youtu.be/0XeQIgpgMQw],[[11;54;2]]
199,São José Do Rio Pardo,Cidade Paulista localizada na região Central do estado,São José do Rio Pardo tem arquitetura colonial bem preservada,ARQUITERURA COLONIAL BEM PRESERVADA CIDADE SÃO JOSÉ DO RIO PARDO TER,[Cidade;Município;Cidade do Sudeste;Município do Sudeste;Cidade Paulista;Município Paulista],[https://youtu.be/cBC4zxJe8vw],[[11;2]]
200,Porto Feliz,Cidade Paulista localizada na região Metropolitana de Sorocaba,Porto Feliz é uma cidade que harmoniza sua herança histórica,HERANÇA HISTÓRICA CIDADE PORTO FELIZ HARMONIZAR,[Cidade;Município;Cidade do Sudeste;Município do Sudeste;Cidade Paulista;Município Paulista],[https://youtu.be/YD9Ozg5k7hY],[[11;54]]
201,Monte Alto,Cidade Paulista localizada na região Norte do estado.,Monte Alto é uma cidade que prospera com sua economia agrícola e comercial,ECONOMIA AGRÍCOLA TAMBÉM COMERCIAL CIDADE MONTE ALTO PROSPERAR,[Cidade;Município;Cidade do Sudeste;Município do Sudeste;Cidade Paulista;Município Paulista],[https://youtu.be/GafOKMTOD7E],[[60;12]]
202,Pedreira,Cidade Paulista localizada na região Metropolitana de Campinas,Pedreira é famosa por sua indústria de cerâmica,INDÚTRIA CERÂMICA CIDADE PEDREIRA FAMA TER,[Cidade;Município;Cidade do Sudeste;Município do Sudeste;Cidade Paulista;Município Paulista],[https://youtu.be/B2i0mT2pykg],[[11;2]]
203,Salto De Pirapora,Cidade Paulista localizada na região Metropolitana de Sorocaba,Salto de Pirapora é uma cidade com belas paisagens naturais,BELAS PAISAGENS NATURAIS CIDADE SALTO DO PIRAPORA TER,[Cidade;Município;Cidade do Sudeste;Município do Sudeste;Cidade Paulista;Município Paulista],[https://youtu.be/F1cXuXw3ytE],[[2;11]]
204,Guariba,Cidade Paulista localizada na região Norte do estado,Guariba é uma cidade que valoriza sua produção de café e seu ambiente rural,PRODUÇÃO CAFÉ TAMBÉM AMBIENTE RUAL CIDADE GUARIBA PRESERVAR,[Cidade;Município;Cidade do Sudeste;Município do Sudeste;Cidade Paulista;Município Paulista],[https://youtu.be/C3vqCtQ6F6A],[[53a]]
205,José Bonifácio,Cidade Paulista localizada na região Norte do estado,José Bonifácio tem uma herança agrícola forte,HERANÇA AGRÍCOLA FORTE CIDADE JOSÉ BONIFÁCIO TER,[Cidade;Município;Cidade do Sudeste;Município do Sudeste;Cidade Paulista;Município Paulista],[https://youtu.be/pbhX8OtPrjo],[[38;61]]
206,São Pedro,Cidade Paulista localizada na região do Interior Norte do estado,São Pedro é conhecida por suas festas tradicionais e suas belezas naturais,FESTAS TRADICIONAIS TAMBÉM BELEZAS NATURAIS CIDADE SÃO PEDRO CONHECIDA É,[Cidade;Município;Cidade do Sudeste;Município do Sudeste;Cidade Paulista;Município Paulista],[https://youtu.be/8pTSJlpzAgY],[[2;11]]
207,Barrinha,Cidade Paulista localizada na região Norte do estado,Barrinha é uma cidade que se destaca em sua produção agrícola e agroindustrial,PRODUÇÃO AGRÍCOLA TAMBÉM AGROINDUSTRIAL CIDADE BARRINHA DESTACAR,[Cidade;Município;Cidade do Sudeste;Município do Sudeste;Cidade Paulista;Município Paulista],[https://youtu.be/8O7dsSVQeU4],[[22a]]
208,Cajati,Cidade Paulista localizada na região Norte do estado,Cajati está situada em uma região com grande biodiversidade,REGIÃO COM GRANDE BIODIVERSIDADE CIDADE CAJATI SITUAR,[Cidade;Município;Cidade do Sudeste;Município do Sudeste;Cidade Paulista;Município Paulista],[https://youtu.be/rxRHXm33y_g],[[51a]]
209,Santa Gertrudes,Cidade Paulista localizada na região Central do estado,Santa Gertrudes é um centro cerâmico importante e preserva sua tradição na produção de cerâmica,CENTRO CERÂMICO IMPORTANTE TRADIÇÃO PRODUÇÃO CERÂMICA CIDADE SANTA GERTRUDES PRESERVAR,[Cidade;Município;Cidade do Sudeste;Município do Sudeste;Cidade Paulista;Município Paulista],[https://youtu.be/URxcL9q077Y],[[2;9]]
210,Monte Aprazível,Cidade Paulista localizada na região Norte  do estado,Monte Aprazível é uma cidade que celebra sua produção de frutas cítricas,PRODUÇÃO FRUTAS CÍTRICAS CIDADE MONTE APRAZÍVEL CELEBRAR,[Cidade;Município;Cidade do Sudeste;Município do Sudeste;Cidade Paulista;Município Paulista],[https://youtu.be/EbyjoTdfZhw],[[12]]
211,Apiaí,Cidade Paulista localizada na região do Vale do Ribeira,Apiaí é conhecida por suas grutas e cavernas,GRUTAS TAMBÉM CAVERNAS CIDADE APIAÍ CONHECIDA É,[Cidade;Município;Cidade do Sudeste;Município do Sudeste;Cidade Paulista;Município Paulista],[https://youtu.be/GibCc5rI15Q],[[1]]
212,Santo Antonio De Posse,Cidade Paulista localizada na região do Interior Norte do estado,Santo Antônio de Posse é uma cidade que cresce rapidamente na Região Metropolitana de Campinas,REGIÃO METROPOLITANA CAMPINAS CIDADE SANTO ANTÔNIO DE POSSE RÁPIDO CRESCER,[Cidade;Município;Cidade do Sudeste;Município do Sudeste;Cidade Paulista;Município Paulista],[https://youtu.be/LRaRdWAzRic],[[1;11]]
213,Além Paraiba,Cidade Mineira localizada na região da Zona da Mata,Além Paraíba é uma cidade histórica às margens do Rio Paraíba do Sul,MARGENS DO RIO PARAÍBA DO SUL CIDADE HISTÓRICA NOME ALÉM PARAÍBA LOCALIZAR,[Cidade;Município;Cidade do Sudeste;Município do Sudeste;Cidade do Sudeste;Cidade Mineira;Município Mineiro],[https://youtu.be/ohAzb2Qa934],[[1;11]]
214,Arcos,Cidade Mineira localizada na região Centro-Oeste do estado,Arcos é famosa por suas formações rochosas e cânions,FORMAÇÕES ROCHOSAS TAMBÉM CÂNIONS CIDADE ARCOS FAMA TER,[Cidade;Município;Cidade do Sudeste;Município do Sudeste;Cidade do Sudeste;Cidade Mineira;Município Mineiro],[https://youtu.be/GjWAYf7OuRQ],[[32]]
215,Belo Oriente,Cidade Mineira localizada na região do Vale do Rio Doce,Belo Oriente é uma cidade que se destaca na indústria de mineração,INDÚSTRIA DE MINERAÇÃO CIDADE BELO ORIENTE DESTACAR,[Cidade;Município;Cidade do Sudeste;Município do Sudeste;Cidade do Sudeste;Cidade Mineira;Município Mineiro],[https://youtu.be/uAnaCY_0gjc],[[61;42]]
216,Caete,Cidade Mineira localizada na região Metropolitana de Belo Horizonte,Caeté é uma cidade com uma rica herança histórica e cultural,RICA HERANÇA HISTÓRICA TAMBÉM CULTURAL CIDADE CAETÉ TER,[Cidade;Município;Cidade do Sudeste;Município do Sudeste;Cidade do Sudeste;Cidade Mineira;Município Mineiro],[https://youtu.be/uKefvmH9e4g],[[50]]
217,Coração De Jesus,Cidade Mineira localizada na região Norte do estado,"Coração de Jesus é conhecida como ""Terra do Queijo""",TERRA DO QUEIJO CIDADE CORAÇÃO DE JESUS CONHECIDA É,[Cidade;Município;Cidade do Sudeste;Município do Sudeste;Cidade do Sudeste;Cidade Mineira;Município Mineiro],[https://youtu.be/cHFz7h2PwKI],[[51a;35a]]
218,Grão Mogol,Cidade Mineira localizada na região Norte do estado,Grão Mogol é uma cidade que celebra sua cultura e história sertaneja,CULTURA TAMBÉM HISTÓRIA SERTANEJA CIDADE GRÃO MONGOL CELEBRAR,[Cidade;Município;Cidade do Sudeste;Município do Sudeste;Cidade do Sudeste;Cidade Mineira;Município Mineiro],[https://youtu.be/wrF34H_VxYw],[[9;60]]
219,Ipamena,Cidade Mineira localizada na região do Vale do Aço,"O turismo rural também se faz presente em Ipanema, com fazendas, trilhas e cachoeiras e propriedades rurais",FAZENDAS TAMBÉM TRILHAS TAMBÉM CACHOEIRAS TAMBÉM PROPRIEDADES RURAIS TURISMO RUAL CIDADE IPANEMA TER,[Cidade;Município;Cidade do Sudeste;Município do Sudeste;Cidade do Sudeste;Cidade Mineira;Município Mineiro],[https://youtu.be/1dROjzy7lY0],[[38]]
220,Januária,Cidade Mineira localizada na região Norte do estado,Januária é banhada pelo Rio São Francisco,RIO SÃO FRANCISCO CIDADE JANUÁRIA BANHAR,[Cidade;Município;Cidade do Sudeste;Município do Sudeste;Cidade do Sudeste;Cidade Mineira;Município Mineiro],[https://youtu.be/wGytw8mZ62Q],[[38;47]]
221,Manhuaçu,Cidade Mineira localizada na região da Zona da Mata,Manhuaçu é uma cidade cercada por belas montanhas e produz café de alta qualidade,BELAS MONTANHAS TAMBÉM PRODUÇÃO CADÉ ALTA QUALIDADE CIDADE MANHUAÇU TER,[Cidade;Município;Cidade do Sudeste;Município do Sudeste;Cidade do Sudeste;Cidade Mineira;Município Mineiro],[https://youtu.be/Zx5ug9ocr8Y],[[60]]
222,Muriaé,Cidade Mineira localizada na região da Zona da Mata,"Muriaé é uma cidade que combina indústria têxtil, natureza exuberante e patrimônio cultural",INDÚSTRIA TÊSTIL TAMBÉM NATUREZA EXUBERANTE TAMBÉM PATRIMÔNIO CULTURAL CIDADE MURIAÉ COMBINAR,[Cidade;Município;Cidade do Sudeste;Município do Sudeste;Cidade do Sudeste;Cidade Mineira;Município Mineiro],[https://youtu.be/LTujTu1ZcUo],[[60;47]]
223,Nova Serrana,Cidade Mineira localizada na região Centro-Oeste do estado,Nova Serrana é um polo industrial na produção de calçados,POLO INDUSTRIAL PRODUÇÃO CALÇADOS CIDADE NOVA SERRANA É,[Cidade;Município;Cidade do Sudeste;Município do Sudeste;Cidade do Sudeste;Cidade Mineira;Município Mineiro],[https://youtu.be/Nbjuov7_9Oc],[[64;12]]
224,Raul Soares,Cidade Mineira localizada na região da Zona da Mata,Raul Soares é uma cidade que preserva suas tradições rurais e culturais,TRADIÇÕES RUAIS TAMBÉM CULTURAIS CIDADE RAUL SOARES PRESERVAR,[Cidade;Município;Cidade do Sudeste;Município do Sudeste;Cidade do Sudeste;Cidade Mineira;Município Mineiro],[https://youtu.be/TaDGSkLICsY],[[40]]
225,Santana Do Paraiso,Cidade Mineira localizada na região do Vale do Aço,Santana do Paraíso é uma cidade em crescimento na Região do Vale do Aço,REGIÃO VALE DO AÇO CIDADE SANTANA DO PARARAÍSO CRESCER,[Cidade;Município;Cidade do Sudeste;Município do Sudeste;Cidade do Sudeste;Cidade Mineira;Município Mineiro],[https://youtu.be/yrXS0qcy9FI],[[2;64]]
226,São Pedro Dos Ferros,Cidade Mineira localizada na região da Zona da Mata,São Pedro dos Ferros atraem visitantes em busca de ecoturismo,VISITANTES  ECOTURISMO CIDADE SÃO PEDRO DOS FERROS ATRAIR,[Cidade;Município;Cidade do Sudeste;Município do Sudeste;Cidade do Sudeste;Cidade Mineira;Município Mineiro],[https://youtu.be/u86XZ7iO650],[[1]]
227,Três Pontas,Cidade Mineira localizada na região Sul do estado,"Três Pontas é uma cidade no sul de Minas Gerais, conhecida por sua música e café de alta qualidade",MINAS GERAIS MÚSICA TAMBÉM CAFÉ ALTA QUALIDADE CIDADE TRÊS PONTAS CONHECIDA É,[Cidade;Município;Cidade do Sudeste;Município do Sudeste;Cidade do Sudeste;Cidade Mineira;Município Mineiro],[https://youtu.be/wEGCjO3Fba0],[[59a;11]]
228,São Bernardo Do Campo,"Cidade Paulista localizada na região do ABC Paulista, próxima à cidade de São Paulo",São Bernardo do Campo é  uma das maiores da região metropolitana de São Paulo,REGIÃO METROPOLITANA SÃO PAULO CIDADE SÃO BERNARDO DO CAMPO MAIOR É,[Cidade;Município;Cidade do Sudeste;Município do Sudeste;Cidade Paulista;Município Paulista],[https://youtu.be/xUm50AdLgDI],[[2;61;51a]]
229,São José Dos Campos,Cidade Paulista localizada na região do Vale do Paraíba,São José dos Campos é um centro tecnológico e aeroespacial,CENTRO TECNOLÓGICO TAMBÉM AEROESPACIAL CIDADE SÃO JOSÉ DOS CAMPOS É,[Cidade;Município;Cidade do Sudeste;Município do Sudeste;Cidade Paulista;Município Paulista],[https://youtu.be/OW76y2HEUKQ],[[32]]
230,Mauá,Cidade Paulista localizada na região Metropolitana de São Paulo,Mauá é uma cidade  com uma economia diversificada,ECONOMIA DIVERSIFICADA CIDADE MAUÁ TER,[Cidade;Município;Cidade do Sudeste;Município do Sudeste;Cidade Paulista;Município Paulista],[https://youtu.be/RZSiwuAqsbo],[[60]]
231,Mogi Das Cruzes,Cidade Paulista localizada na região Metropolitana de São Paulo,Mogi das Cruzes é uma cidade histórica e moderna que cresce rapidamente,CIDADE HISTÓRICA TAMBÉM MODERNA CIDADE MOGI DAS CRUZES RÁPIDO CRESCER,[Cidade;Município;Cidade do Sudeste;Município do Sudeste;Cidade Paulista;Município Paulista],[https://youtu.be/twnSVXJsFhA],[[60;51a;2]]
232,Jundiaí,Cidade Paulista localizada na região Metropolitana de Campinas,Jundiaí é famosa por sua produção de uvas,PRODUÇÃO UVAS CIDADE JUNDIAÍ FAMA TER,[Cidade;Município;Cidade do Sudeste;Município do Sudeste;Cidade Paulista;Município Paulista],[https://youtu.be/aKDo0ObPdFs],[[38;49]]
233,Bauru,Cidade Paulista localizada na região Centro-Oeste do estado,Bauru é famosa por seu sanduíche de presunto,SANDUÍCHE PRESUNTE CIDADE BAURU FAMA TER,[Cidade;Município;Cidade do Sudeste;Município do Sudeste;Cidade Paulista;Município Paulista],[https://youtu.be/OCSNmyLgwaE],[[8a]]
234,Franca,Cidade Paulista localizada na região Norte do estado,Franca é uma cidade que se destaca na produção de calçados.,PRODUÇÃO DE CALÇADOS CIDADE FRANCA DESTACAR,[Cidade;Município;Cidade do Sudeste;Município do Sudeste;Cidade Paulista;Município Paulista],[https://youtu.be/mRaaxMDkyZ0;https://youtu.be/Df6x7Uv7vro],[[54];[1;64]]
235,Taubaté,Cidade Paulista localizada na região do Vale do Paraíba,Monteiro Lobato nasceu em Taubaté,M-O-N-T-E-I-R-O  L-O-B-A-T-O CIDADE TAUBATÉ NASCER  ,[Cidade;Município;Cidade do Sudeste;Município do Sudeste;Cidade Paulista;Município Paulista],[https://youtu.be/kzhUICEOK00],[[61]]
236,Taboão Da Serra,Cidade Paulista localizada na região Metropolitana de São Paulo,Taboão da Serra combina urbanização e áreas verdes.,URBANIZAÇÃO TAMBÉM ÁREAS VERDES CIDADE TABOÃO DA SERRA COMBINAR,[Cidade;Município;Cidade do Sudeste;Município do Sudeste;Cidade Paulista;Município Paulista],[https://youtu.be/9vZNYZffxpI],[[56]]
237,Embu Das Artes,Cidade Paulista localizada na região Metropolitana de São Paulo,Embu das Artes tem um mercado de arte e artesanato vibrante,MERCADO DE ARTE TAMBÉM ARTESANATO VIBRANTE CIDADE EMBU DAS ARTES TER,[Cidade;Município;Cidade do Sudeste;Município do Sudeste;Cidade Paulista;Município Paulista],[https://youtu.be/jH2AWl-riU4],[[6;62;63]]
238,Indaiatuba,Cidade Paulista localizada na região Metropolitana de Campinas,Indaiatuba é conhecida por sua economia diversificada,ECONOMIA DIVERSIFICADA CIDADE INDAIATUBA TER,[Cidade;Município;Cidade do Sudeste;Município do Sudeste;Cidade Paulista;Município Paulista],[https://youtu.be/rrWSHNe1W4o],[[61;39]]
239,Itapevi,Cidade Paulista localizada na região Metropolitana de São Paulo,Itapevi tem uma cidade que cresce rapidamente,CIDADE ITAPEVI RÁPIDO CRESCER,[Cidade;Município;Cidade do Sudeste;Município do Sudeste;Cidade Paulista;Município Paulista],[https://youtu.be/lNNrwSOPTr8],[[38]]
240,Jacareí,Cidade Paulista localizada na região do Vale do Paraíba,Jacareí é uma cidade industrial e tecnológica na Região do Vale do Paraíba,REGIÃO DO VALE DO PARAÍBA CIDADE INDUSTRIAL TAMBÉM TECNOLÓGICA CIDADE JACAREÍ É,[Cidade;Município;Cidade do Sudeste;Município do Sudeste;Cidade Paulista;Município Paulista],[https://youtu.be/sdW0uvQx2GM],[[46a]]
241,Araçatuba,Cidade Paulista localizada na região Noroeste do estado,Araçatuba é um centro agrícola com destaque para a produção de grãos e frutas,CENTRO AGRÍCOLA PRODUÇÃO GRÃOS TAMBÉM MILHO CIDADE ARAÇATUBA DESTACAR,[Cidade;Município;Cidade do Sudeste;Município do Sudeste;Cidade Paulista;Município Paulista],[https://youtu.be/zWJKDEQPmiQ],[[12]]
242,Itapecerica Da Serra,Cidade Paulista localizada na região Metropolitana de São Paulo,Itapecerica da Serra é uma cidade que valoriza sua natureza e belezas naturais,NATUREZA TAMBÉM BELEZAS NATURAIS CIDADE ITAPECERICA DA SERRA VALORIZAR,[Cidade;Município;Cidade do Sudeste;Município do Sudeste;Cidade Paulista;Município Paulista],[https://youtu.be/M941qZzVfbg],[[38;63]]
243,Pindamonhangaba,Cidade Paulista localizada na região do Vale do Paraíba,Pindamonhangaba é uma cidade que combina desenvolvimento industrial e qualidade de vida,DESENVOLVIMENTO INDUSTRIAL TAMBÉM QUALIDADE DE VIDA CIDADE PINDAMONHANGABA COMBINAR,[Cidade;Município;Cidade do Sudeste;Município do Sudeste;Cidade Paulista;Município Paulista],[https://youtu.be/ST0ID9OfFAo],[[11]]
244,Jaú,Cidade Paulista localizada na região Centro-Oeste do estado,"Jaú tem fama de ser a  ""Capital do Calçado Feminino""",CAPITAL DO CALÇADO FEMININO CIDADE JAÚ FAMA TER,[Cidade;Município;Cidade do Sudeste;Município do Sudeste;Cidade Paulista;Município Paulista],[https://youtu.be/8zJK-nNBXhs],[[8b]]
245,Registro,Cidade Paulista localizada na região do Vale do Ribeira,"Registro é uma cidade que se destaca por sua produção agrícola, principalmente de bananas",PRODUÇÃO AGRÍCOLA PRINCIPALMENTE BANANAS CIDADE REGISTRO DESTACAR,[Cidade;Município;Cidade do Sudeste;Município do Sudeste;Cidade Paulista;Município Paulista],[https://youtu.be/3nZJnaUt3Dk],[[25;2]]
246,Pradópolis,Cidade Paulista localizada na região Norte do estado,Pradópolis é uma cidade que se destaca na produção de cana-de-açúcar e etanol,PRODUÇÃO DE CANA-DE-AÇUCAR TAMBÉM ETANOS CIDADE PRADÓPOLIS DESTACAR,[Cidade;Município;Cidade do Sudeste;Município do Sudeste;Cidade Paulista;Município Paulista],[https://youtu.be/C10nH1bDrZI],[[12;2]]
247,Capela Do Alto,Cidade Paulista localizada na região Metropolitana de Sorocaba,Capela do Alto é uma cidade com forte influência da imigração italiana,FORTE INFLUÊNCIA IMAGRAÇÃO ITALIANA CIDADE CAPELA DO ALTO TER,[Cidade;Município;Cidade do Sudeste;Município do Sudeste;Cidade Paulista;Município Paulista],[https://youtu.be/Bwa14ZZoHQg],[[51a;1]]
248,Caconde,Cidade Paulista localizada na região Central do estado,Caconde é uma cidade que preserva suas raízes históricas e culturais.,RAÍZES HISTÓRICAS TAMBÉM CULTURAIS CIDADE CACONDE PRESERVAR,[Cidade;Município;Cidade do Sudeste;Município do Sudeste;Cidade Paulista;Município Paulista],[https://youtu.be/AFQJXCLMR8o],[[51a]]
249,Cesario Lange,Cidade Paulista localizada na região Metropolitana de Sorocaba,Cesário Lange é uma cidade que abraça sua herança rural,HERANÇA RURAL CIDADE CESÁRIO LANGE TER,[Cidade;Município;Cidade do Sudeste;Município do Sudeste;Cidade Paulista;Município Paulista],[https://youtu.be/XOKzoua6QKA],[[51a;8a]]
250,Baddy Bassitt,Cidade Paulista localizada na região Norte do estado,Bady Bassitt é localizada próxima ao Rio São José dos Dourados,PRÓXIMA RIO SÃO JOSÉ DOS DOURADOS CIDADE BADY BASSITT LOCALIZAR,[Cidade;Município;Cidade do Sudeste;Município do Sudeste;Cidade Paulista;Município Paulista],[https://youtu.be/oumo48YG5nA],[[63]]
251,Buritama,Cidade Paulista localizada na região Noroeste do estado,Buritama é conhecida por sua produção de cana-de-açúcar e pecuária,PRODUÇÃO CANA-DE-AÇUCAR CIDADE BURITAMA CONHECIDA É,[Cidade;Município;Cidade do Sudeste;Município do Sudeste;Cidade Paulista;Município Paulista],[https://youtu.be/wlPWTqlb0S0],[[63]]
252,Pinhalzinho,Cidade Paulista localizada na região Norte do estado.,Pinhalzinho tem o nome derivado da abundância de araucárias na região,REGIÃO NOME DERIVADO ABUNDÂNCIA ARAUCÁRIAS CIDADE PINHALZINHO TER,[Cidade;Município;Cidade do Sudeste;Município do Sudeste;Cidade Paulista;Município Paulista],[https://youtu.be/NTh6juYqdso],[[64;62]]
253,Cananéia,"Cidade Paulista localizada no litoral do estado, próxima à cidade de Santos",Cananéia é uma das cidades mais antigas do Brasil,BRASIL MAIS ANTIGAS CIDADE CANANÉIA É,[Cidade;Município;Cidade do Sudeste;Município do Sudeste;Cidade Paulista;Município Paulista],[https://youtu.be/tK08eLD_zcY],[[51a;63]]
254,Cardoso,Cidade Paulista localizada na região Noroeste do estado,Cardoso prospera na produção de cana-de-açúcar e grãos,PRODUÇÃO CANA-DE-AÇUCAR TAMBÉM GRÃOS CIDADE CARDOSO PROSPERAR,[Cidade;Município;Cidade do Sudeste;Município do Sudeste;Cidade Paulista;Município Paulista],[https://youtu.be/3b8u9tQuwwU],[[51b;12]]
255,Nhandeara,Cidade Paulista localizada na região Noroeste do estado,Handeara tem destaque para a produção de soja e milho,PRODUÇÃO SOJA TAMBÉM MILHO CIDADE HANDEARA DESTACAR,[Cidade;Município;Cidade do Sudeste;Município do Sudeste;Cidade Paulista;Município Paulista],[https://youtu.be/tHfWsK85iKk],[[24;11]]
256,Divinolândia,Cidade Paulista localizada na região Central do estado,Divinolândia está situada na região montanhosa de São Paulo,REGIÃO MONTANHOSAS DE SÃO PAULO CIDADE DIVINOLANDIA SITUAR,[Cidade;Município;Cidade do Sudeste;Município do Sudeste;Cidade Paulista;Município Paulista],[https://youtu.be/AvZV6k0gqQE],[[12]]
257,Cedral ,Cidade Paulista localizada na região Norte do estado,Cedral é uma cidade localizada na Microrregião de São José do Rio Preto,MICRORREGIÃO SÃO JOSÉ DO RIO PRETO CIDADE CEDRAL LOCALIZAR,[Cidade;Município;Cidade do Sudeste;Município do Sudeste;Cidade Paulista;Município Paulista],[https://youtu.be/rKtsVCCA-aw],[[51a;12]]
258,Vista Alegre Do Alto,Cidade Paulista localizada na região Norte do estado,Vista Alegre do Alto é uma cidade que destaca-se na produção de café e cana-de-açúcar,PRODUÇÃO CAFÉ TAMBÉM CANA-DE-AÇUCAR CIDADE VISTA ALEGRE DO ALTO DESTACAR,[Cidade;Município;Cidade do Sudeste;Município do Sudeste;Cidade Paulista;Município Paulista],[https://youtu.be/geYnHvXzFDQ],[[32]]